ExchangeCode,ShortName
ALFALAVAL,ALFLAV
AMAR,AMAREM
ANDHRABANK,ANDBAN
BANKRAJAS,BANRAJ
BELCERAMIC,BELCER
BLOWPLAST,BLOPLA
BLUEBIRD,BLUBIR
BRANDHOUSE,BRARET
GEODESIC,BVHOLD
CAPF,CAPFIR
CENTBOP,CENBN
COMPUTECH,COMINT
COREEDUTEC,COREDU
CYBERSPACE,CYBINF
CIPL,DCLPOL
DECOLIGHT,DECCER
DHANUS,DHATEC
DISHMAN,DISPHA
EICHER,EICHER
ELAND,ELAAPP
ERAINFRA,ERAINF
ESTL,ESSSTE
ETC,ETCNET
FTCPOF3YDV,FTCPO2
GRABALALK,GLOALO
GLORY,GLOPOL
GTOFFSHORE,GREOFF
GSLNOVA,GSLNOV
SIGROUPIND,HERCHE
HINDDORROL,HINDOR
MICRO,HININK
HINDLEVCHM,HINLC
FSS,HUGSOF
INDIABULLS,INDBUL
JSWISPAT,ISPIND
ITCHOTEL,ITCHOT
JUMBO,JUMBAG
KFA,KINAIR
KLGSYSTEL,KLGSYS
LAKSHMIMIL,LAKMIL
LITL,LANINF
MAWANA,MAWSUG
MICROTECH,MICTEC
MONSANTO,MONSIN
IOLN,NATSYN
NICCO,NICCOR
OCL,OCLIND
PAREKHPLAT,PARPLA
PARRYSUGAR,PARSUG
PATNI,PATCOM
PRITHVI,PRIINF
PRICOL,PRILIM
RAINCALCIN,RAICAL
RENVL,RELENE
RELGOLD,RELGOL
RNRL,RELNAT
RPL,RELPET
ORGINFO,SARELE
SCINTSOFT,SCISOF
SHPRE,SHPREC
SILTAPCHEM,SILCHE
SREINFRA,SRE114
SREINFRA,SRE115
SORILINFRA,STOONE
TREADS,TRELIM
TRICOM,TRIFI
TV-18,TV18
TWILITAKA,TWILIT
VIJAYABANK,VIJBAN
VIKASHMET,VIKMET
VINCARDS,VINCAR
VISHALEXPO,VISEXP
VISUALSOFT,VISUAL
VITALCOMM,VITCOM
WARTSILA,WARNSD
CAROLINFO,WOCLIF
ZANDUREALT,ZANREA
APLAB,APLAB
BPLREFRIG,BPLREF
CREWBOS,CREBOS
FKONCO,DABPHA
DCHL,DECCHR
EXCELCROP,EXCCRO
GEORGWILIM,GEOWIL
HANILERA,HANERA
HINDSPG,HINSPI
HINVDIR,ILFINV
ITIL,INFTE
JINDALDRIL,JINDRI
KOJAMFIN,KOJFIN
NEPCTEX,NEPTEX
NCOPPER,NISCOP
RPGCABLES,RPGCAB
SHRIRAMINV,SHRINV
BALASTEELS,SHRIRA
SYNTHCHEM,SYNCHE
JEYPORE,THEJEY
VDOCONINTL,VIDINT
SYRSGS,SYRSGS
TORRENTSEC,SURELE
GOLDSTAR,GOLPOW
ABAN,ABAOFF
AMARAJABAT,AMARAJ
SHRVINDPPR,SHRVIN
BCONCEPTS,BRACON
SHLAKSHMI,SHRLA
SIRPAPER,SIRPAP
RAMGOPOLY,RAMPOL
AUTOLITIND,AUTOLI
EMAMIPAP,EMAPAP
FACT,FACT
GUJRAFFIA,GUJRAF
GODREJCP,GODCON
SCHAEFFLER,FAGBEA
GBGLOBAL,MANDIN
ORICONENT,ORICON
SETFNIF50,SBINIF
BALKRISHNA,BALPAP
SHYAMCENT,SHYCEN
ADANITRANS,ADATRA
FEDERALBNK,FEDBAN
MANORAMA,MANOIN
SGBJUN30,SGBT60
CONFIPET,CONPE
SYNGENE,SYNINT
EMKAYTOOLS,EMKTAP
KAYA,KAYLIM
NGLFINE,NGLFIN
AYMSYNTEX,AYMSYN
KCK,KCKIND
PPL,PRAPIP
AARON,AARIN
RAMASTEEL,RAMSTE
AURUM,MAJLIM
MWL,MANWOR
PKTEA,PERTEA
SKP,SKPBEA
RADHIKAJWE,RADJEW
DGCONTENT,DIGLI
CSLFINANCE,CONSEC
GUJSTATFIN,GUJSTA
UNIVAFOODS,HOTRUG
MOHOTAIND,RRMAHO
FINCABLES,FINCAB
JISLJALEQS,JAIIRR
SHAREINDIA,SHARIN
STEELCITY,STECIT
KSHITIJPOL,KSHPOL
FINPIPE,FININD
MUTHOOTCAP,MUTCAP
DYCL,DYNCAB
AXISBNKETF,AXBETF
LUPIN,LUPIN
MCDOWELL-N,UNISPI
SATIN,SATCRE
ARVSMART,ARVINF
POWERMECH,POWMEC
RAMRAT,RAMRAT
BLUEBLENDS,BLUBLE
AGNI,AGNGRE
FLATPROD,CMIFPE
MOHEALTH,MOTHEA
UTINIFTETF,UTINIF
KOTAKCONS,KOTCON
UTISENSETF,UTISEN
UFLEX,UFLLIM
SHARDAMOTR,SHAMOT
515GS2025,515K25
NAVKARCORP,NAVCOR
RAMAPHO,RAMPHO
PENPEBS,PENENG
NIFTYBEES,NIFBEE
KRBL,KRBL
MPSLTD,MACIN
MARKSANS,MARPHA
TCI,TRACOR
ICICIMOM30,ICI200
SHREEPUSHK,SHRPUS
LOYALTEX,LOYTEX
GUJGASLTD,GUJGA
AMBASARABH,AMBSAR
BHARTIARTL,BHAAIR
FLEXCHEM,FLECHE
USASEEDS,UPSSEE
SADBHIN,SADINF
HDFCNEXT50,HDFN50
PNEUMATIC,PNEHOL
HDFCNIF100,HDF100
ASAL,AUTSTA
OLECTRA,GOLTEL
FLEXENGG,FLEENG
PRABHAT,PRADAI
PONNIERODE,PONERO
PNB,PUNBAN
ARVINDREM,ARVREM
CMAHENDRA,CMAHEX
KOTAKMNC,KOTMNC
HELIOSMATH,HELMAT
INNOIND,INNIND
PLETHICO,PLEPHA
TIMBOR,TIMHOM
SHAIVAL,SHAREA
NIFTYQLITY,ADIQUA
MOMENTUM,ADIMOM
FORBESGOK,FORCOM
SURANAT&P,SURTEL
VEEKAYEM,VEEFAS
TIMESGTY,TIMGUA
726GS2032,726H32
ICICIINFRA,ICIINF
INDIAMART,INDMAR
FOSECOIND,FOSIND
SPORTKING,SPOIND
HEXAWARE,HEXTEC
OFSS,ORAFIN
UNIONBANK,UNIBAN
APTECHT,APTLIM
HIGHWAYS,HIGINV
ZENSARTECH,ZENTE
DSPSILVETF,DSPSIL
OAL,CAMALL
AHIMSA,AHIIND
ALBK,ALLBAN
NOIDATOLL,NOITOL
FULFORD,FULIND
NUCLEUS,NUCSOF
SYRMA,SYRTEC
CANBK,CANBAN
MOQUALITY,MOTQUA
MOVALUE,MOTENH
GABRIEL,GABIND
DREAMFOLKS,DRESER
INDOSOLAR,INDLIM
GRMOVER,GRMOVE
HDFCSILVER,HDFSIL
JFLLIFE,JFLLIF
KORE,JAYJAL
DBOL,DHABIO
AMEYA,AMEPRE
LEEL,LLOELE
GENESYS,GENINT
GANESHANHY,GANANH
GODREJIND,GODIND
COAST-RE,COARE1
JUNIORBEES,NIFJUN
DIVISLAB,DIVLAB
IGFLFERT,INDFER
TMB,TAMMER
STCINDIA,STC
VIVIANA,VIVPOW
GARDENSILK,GARSIL
MEGAFLEX,MEGFLE
SABAR,SABFLE
TAPIFRUIT,TAPFRU
RADICO,RADKHA
INDORAMA,INDRA
ISHAN,ISHINT
PEPL,PEAENG
MARUTI,MARUTI
GARFIBRES,GARWAL
UTISUNDER,NIFUTI
LIQUIDBEES,LIBEES
INDORAMTEX,INDRT
91D221222,TQL22D
ABINFRA,ABINF
INFOBEAN,INFOTE
SANGINITA,SANCHE
ICICIBANKN,ICIPBE
DCMNVL,DCMNOU
SATIA,SATIND
SIRCA,SIRPAI
SECURKLOUD,8KMILE
NATHBIOGEN,NATHBI
KSOLVES,KSOIND
AGRITECH,AGRITE
GFSTEELS,GRAFOU
LIBAS,LIBDES
DANGEE,DANDUM
WOPOLIN,BAJPLA
SUMIT,SUMWOO
SHRENIK,SHRLIM
SGBJUL27,SGBT29
CREATIVE,CREPER
HARSHA,HARENG
COFFEEDAY,COFDAY
LIBAS-RE,LIBRE1
CLOUD,VARCLO
IDFCFIRSTB,IDFBAN
SGBAUG30,SGBT61
AXISILVER,AXISIL
INDIGO,INTAVI
ANNAPURNA,ANNSWA
KANDARP,KANDIG
GERMANREM,GERREM
SHK,SHKEL
MAKS,MAKENE
VARDHACRLC,VARACR
UCOBANK,UCOBAN
UGROCAP,UGRND7
BAGFILMS,BAGFIL
UGROCAP,UGRND8
UGROCAP,UGRND9
SUVEN,SUVLIF
JSL,JINSTA
NSIL,NALSON
SKSTEXTILE,SKSTEX
HDFCGROWTH,HDFG15
PERFECT,PERINF
WELSPUNIND,WELIND
HDFCQUAL,HDFQ30
HDFCVALUE,HDFV20
IGL,INDGAS
TVSELECT,TVSELE
RADAAN,RADMED
GHCL,GHCLIM
DREDGECORP,DRECOR
TVTODAY,TVTNET
UPL,UNIP
UNIENTER,UNIENT
SIL,STAIN
LUXIND,LUXIND
BALAXI,ANARUB
IBULHSGFIN,IBHN47
IBULHSGFIN,IBHN48
LICNETFN50,LICNIF
IBULHSGFIN,IBHN49
IBULHSGFIN,IBHN50
MUKANDLTD,MUKAND
IBULHSGFIN,IBHN51
IBULHSGFIN,IBHN52
IBULHSGFIN,IBHN53
IBULHSGFIN,IBHN54
IBULHSGFIN,IBHN55
APOLLO,APOMIC
IBULHSGFIN,IBHN56
AFFLE,AFFIND
AIFL,ASHINT
KEERTI,KEEKNO
PETRONET,PETLNG
IBULHSGFIN,IBHN57
PTC,POWTRA
IBULHSGFIN,IBHN58
DHANBANK,DHABAN
IBULHSGFIN,IBHN59
VAIBHAVGBL,VAIGLO
IBULHSGFIN,IBHN60
IBULHSGFIN,IBHN61
TTKHLTCARE,TTKHEA
BIOCON,BIOCON
TIPSFILMS,TIPFIL
MAHABANK,BANMAH
ICICIBANKP,ICIPRI
UMANGDAIRY,UMADAI
GICHSGFIN,GICHOU
ZOTA,ZOTHEA
SALZERELEC,SALELE
POONAWALLA,MAGFI
XPROINDIA,XPRIND
RKFORGE,RAMFOR
CLASSIC,CLADIA
TATAINFOTE,TATINF
GINNIFILA,GINFIL
DATAMATICS,DATGLO
91D050123,TQA23A
NDTV,NDTV
182D060423,THD23A
364D051023,TYJ23A
SDL24BEES,NIFCP
STER,STEIND
KRITINUT,KRINUT
SPANDANA,SPASPH
BANKBEES,BANBEE
LICNETFSEN,LICSEN
PILANIINVS,PILINV
SPICEJET,SPILI
CMRSL,CYBME
GIPCL,GUJIP
CCL,CCLPRO
KOTAKNV20,KOTN20
SUZLON-RE,SUZRE1
JPASSOCIAT,JAIASS
QMSMEDI,QMSMED
EXCELINDUS,EXCIND
LLOYDS,LLOLUX
MATRIXLABS,HERDRU
KRIDHANINF,KRIINF
LT,LARTOU
APARINDS,APAIND
SWASTIK,SWAPIP
AMBICAAGAR,AMBAGA
ABFRL,ADIWA1
AMFORGEIND,AMFIND
FROG,FROCEL
CENTEXT,CENEXT
NIITLTD,NIIT
OPTOCIRCUI,OPTCIR
GLAXO,GLAPHA
EMIL,ELEMA
LUMAXAUTO,LUMAUT
ULTRACEMCO,ULTCEM
TCS,TCS
HDFCMOMENT,HDFM30
COFORGE,NIITEC
HDFCLOWVOL,HDFV30
TEXINFRA,TEXMAC
GRUH,GRUFIN
COASTPP1,COAPP1
GLFL,GUJLEA
DCI,DCINF
PPLPHARMA,PIRPHA
FORCEMOT,FORMOT
WESTLIFE,WESDEV
GULFPETRO,GPPET
TRACXN,TRTEC
HDFCNIFETF,HDFRGE
HDFCSENETF,HDFSEN
LINCOLN,LINPH
INDSWFTLTD,INDSW
GUFICBIO,GUFBIO
91D190123,TQA23C
182D200423,THD23C
364D191023,TYJ23C
PHANTOMFX,PHADIG
CRANESSOFT,CRASOF
ASTRAMICRO,ASTMIC
GTL,GLOTEL
EBANK,EDENI
WELENT,WELEN
NTPC,NTPC
SALSTEEL,SALSTE
NEWGEN,NEWSOF
KOTARISUG,KOTSUG
LALPATHLAB,DRLAL
JBMA,JBMAUT
NHIT,NHAN21
BCP,BCPOW
NHIT,NHAN22
DWARKESH,DWASUG
NHIT,NHAN23
PRESSMN,PREADV
INDOCO,INDREM
GMBREW,GMBREW
IMPEXFERRO,IMPFER
SUPRAJIT,SUPENG
PATELENG,PATEN
ALKEM,ALKLAB
XCHANGING,XCHSOL
SUVEN-RE,SUVRE1
UTVSOF,UTVSOF
JSWSTEEL,JSWSTE
CONSOFINVT,JINPHO
HILTON-RE,HILRE1
SHRIRAMCIT,SHRCIT
GNFC,GNFC
JINDALPHOT,JINPH
JIYAECO,JIYECO
JPPOWER,JAIPOW
VISHAL,VISFAB
GOKEX,GOKEXP
GODAVRFERT,GODFER
EVEREADY,EVEIND
ELDERPHARM,ELDPHA
GOYALALUM,ADVTRA
WIMCOLTD,WIMCO
SUZLONPP,SUZPP1
SAKSOFT,SAKSOF
HPIL,HINI
ALLSEC,ALLTEC
SUKHJITS,SUKSTA
IIFL,IIFHOL
GODFRYPHLP,GODPHI
SHOPERSTOP,SHOSTO
IBULHSGFIN,IBHN62
MANGALAM,MANDRU
IBULHSGFIN,IBHN63
WELCORP,WELCOR
IBULHSGFIN,IBHN64
IBULHSGFIN,IBHN65
IBULHSGFIN,IBHN66
SSWL,STESW
IBULHSGFIN,IBHN67
IBULHSGFIN,IBHN68
IBULHSGFIN,IBHN69
IBULHSGFIN,IBHN70
NH,NARHRU
KENNAMET,KENIN
CYBERMEDIA,CYBMED
IBULHSGFIN,IBHN71
IBULHSGFIN,IBHN72
AMBER,AMBEN
SURYALAXMI,SURCOT
SHAHALLOYS,SHAALL
GLAND,GLAPH
JKPAPER,JKPAP
PRIMESECU,PRISEC
63MOONS,FINTEC
GRANULES,GRANUL
MERCATOR,MERLIN
JSWHL,JSWHOL
MANINDS,MANIN
CASTEXTECH,AMTIND
VHL,VARSPI
DCXINDIA,DCXSYS
GEOJITFSL,GEOBNP
RUSHI-RE1,RUSRE1
FMGOETZE,FEDGOE
IPSL,INTPER
GENUSPOWER,GENOVE
SWELECTES,SWEENE
RITEZONE,RITZON
YESBANK,YESBAN
MSPL,MSPSTE
VITAL,VITCH
TFL-RE,TRARE1
NECLIFE,NECLIF
FUSION,FUSMIC
SPLIL,SPLIN
AMIABLE,AMILOG
MCLEODRUSS,MCLRUS
ANZEN,ANZINV
PADMALAYAT,PADTEL
MEDANTA,GLOHEA
IDFC,IDFC
KANSAINER,KANNER
REVATHI,REVCP
BIKAJI,BIKFOO
GOLDIAM,GOLINT
RML,RANMA
HTMEDIA,HTMED
SASKEN,SASCOM
ICIL,INDCOU
GOODRICKE,GOOGRO
SYNCOMF,SYNFOR
RAJVIR,RAJVIR
FCSSOFT,FCSSOF
MAESGETF,MIRESG
FAZE3Q,FAZTHR
BSCFAUG08A,BENSPL
BSCFAUG08B,BENSPB
IMPAL,INDMO
ASIL,AMISPI
SATINDLTD,REGLEA
SUZLON,SUZENE
ACI,ARCCHE
AURIONPRO,AURSOL
RENUKA,RENSUG
FIVESTAR,FIVSTA
BASML,BANSPI
PRAXIS,PRAHOM
GOODYEAR,GOOIND
WINPRO,IRIMED
SCPL,SHECOO
KAYNES,KAYTEC
HDFCNIFIT,HDFCIT
HDFCPVTBAN,HDFPBK
AARTISURF,AARND1
DOLATALGO,DOLINV
COMP-RE,COMRE1
DELTAMAGNT,DELMAG
HNDFDS,HINFOO
INOXGREEN,INOGRE
RUSTOMJEE,KEYREA
OCCL,ORICAR
JSLHISAR,JINST
SOLEX,SOLENE
GRASIM,GRASIM
GREAVESCOT,GREAVE
ZIMLAB,ZIMLAB
GRMAGNET,GRMAGN
CREDITACC,CREND1
CREDITACC,CREND2
CREDITACC,CREND3
CREDITACC,CREND4
CREDITACC,CREND5
GSFC,GSFC
CREDITACC,CREND6
SWSOLAR,STEWIL
CASTROLIND,CASIND
ICICIFIN,ICIEXB
ESSEN-RE1,INTRE2
GTNIND,GTNIND
PRECAM,PRECAM
OSIAHYPER,OSIHYP
GUJALKALI,GUJALK
MBAPL,MADBHA
AMBUJACEM,AMBCE
MOLDTEKPP,MOLPP1
TEAMLEASE,TEASER
VASA,VASRET
DJML,DJMED
ROUTE,ROUMOB
SHOPER-RE,SHORE1
GUJBOROSIL,GUJBOR
KRISHANA,KRIPHO
AJOONI-RE,AJORE1
GFLLIMITED,GUJFLO
GUJRATGAS,GUJGAS
PRITIKA,PRIENG
NPBET,TATNPB
BAHETI,BAHREC
ABB,ABB
DHARMAJ,DHCGU
SECL,SALEXT
SAFARI,SAFIND
BILENERGY,BILENE
91D090323,TQC23B
182D080623,THF23B
PBAINFRA,PBAINF
UNIPARTS,UNIND
360ONE,IIFWEA
BRFL,BOMRAY
ABCIL,ADIBI
IIFLSEC,IIFSEC
TRIVENI,TRIENG
KOTAKSILVE,KOTSIL
AIAENG,AIAENG
EKC,EVEKAN
ARHAM,ARHTEC
EMCO,EMCTRA
VIMTALABS,VIMLAB
NAHARINDUS,NAHIND
ORIENTABRA,ORIABR
QUICKHEAL,QUIHEA
KERNEX,KERMIC
REPRO,REPIND
HARRMALAYA,HARMAL
COMSYS,COMSYS
91D160323,TQC23C
182D150623,THF23C
EBBETF0433,BHABO6
ICICI10GS,ICIBMG
PVRINOX,PVRLIM
GALAXYSURF,GALSUR
CELEBRITY,CELFAS
TECHNOFAB,TECENG
NITINSPIN,NITSPI
HATSUN-RE,HATRE1
ZICOM,ZICELE
ROHLTD,ROYORC
RCOM,RELCOM
TFLPP,TRAPP1
KSK,KSKENE
ENIL,ENTNET
GSPL,GSPL
ICICICOMMO,ICICOM
RCAPVL,RCVL
ALLETEC,ALLETE
SGBSEP27,SGBT31
JAGRAN,JAGPRA
SULA,SULVIN
INOXLEISUR,INOX
GVKPIL,GVKPOW
SADBHAV,SADENG
SUNILHITEC,SUNHIT
SAKUMA,SAKEXP
91D230323,TQC23D
182D220623,THF23D
KEC,KECIN
364D211223,TYL23C
RSWM-RE,RSWRE1
HCL-INSYS,HCLINF
JKCEMENT,JKCEME
INDOTECH,INDTEC
LANDMARK,LANCAR
MARINE,MARELE
M&MFIN,MAHFIN
AHL,ABAHOL
BLKASHYAP,BLKASH
VISASTEEL,VISST
ANDHRAPET,ANDPET
HDFC,HDFC
NITCO,NITLIM
IEL,INDENT
CENTURYPLY,CENPLY
KEI,KEIIND
DOLPHINOFF,DOLOFF
MANPASAND,MANBEV
NITINFIRE,NITFIR
ORTEL,ORTCOM
DOLLEX,DOLAGR
HDFCBANK,HDFBAN
AKG-RE,AKGRE1
SOLARINDS,SOLIN
GALLANTT,GALMET
ARIHANTACA,ARIACA
VAKRANGEE,VAKRAN
UMA,UMACON
MALUPAPER,MALPAP
KFINTECH,KFITEC
HEG,HEG
MURLIIND,MURAGR
SGL,STLGLO
UTTAMSUGAR,UTTSUG
SDBL,SOMDIS
KKCL,KEWKIR
ROHITFERRO,ROHFER
BHAGERIA,BHAGIN
SUNTV,SUNTV
GPIL,GODPOW
585GS2030,585L30
APCL-RE,ANJRE1
RSYSTEMS,RSYSTE
SGBN28VIII,SGBT45
JETAIRWAYS,JETAIR
EMKAY,EMKGLO
ELIN,ELIELE
KELLTONTEC,KELTEC
IBULHSGFIN,IBHN77
LOKESHMACH,LOKMAC
IBULHSGFIN,IBHN78
BALPHARMA,BALPHA
IBULHSGFIN,IBHN79
SHIVAUM,SHIAUM
IBULHSGFIN,IBHN80
RATNAMANI,RATMET
IBULHSGFIN,IBHN81
KAMDHENU,KAMLIM
PRICOL-RE,PRIRE1
IBULHSGFIN,IBHN82
PIONEEREMB,PIOEMB
IBULHSGFIN,IBHN83
GTNTEX,GTNTE
IBULHSGFIN,IBHN84
HEROMOTOCO,HERHON
IBULHSGFIN,IBHN85
IBULHSGFIN,IBHN86
IBULHSGFIN,IBHN87
JKLAKSHMI,JKLAKS
IBULHSGFIN,IBHN88
PFOCUS,PRIFOC
IBULHSGFIN,IBHN89
ALLCARGO,ALLLOG
MOXSH,MOXOVE
AKASH,AKAINF
MUNJALAU,MUNAUT
GAL-RE,GYSRE1
EMAMILTD,EMALIM
NECCLTD,NOREAS
HOMESFY,HOMREA
GMRINFRA,GMRINF
AMJUMBO,AMJUM
VIDHIING,VIDDYE
TECHM,TECMAH
ATNINTER,ATNINT
AVONMORE,ALLCAP
GRINDWELL,GRINOR
RAMANEWS,SHRAMA
RBMINFRA,RBMINF
MANUGRAPH,MANIND
VOLTAMP,VOLTRA
RADIANTCMS,RADCAS
ATLANTA,ATLLIM
ACE,ACTCON
HOVS,HOVSER
SELAN,SELEXP
ANDHRSUGAR,ANDSUG
HIMATSEIDE,HIMSEI
IRCTC,INDRAI
HINDUJAFO,HINFOU
SONAHISONA,SONHIS
ANANTRAJ,ANARAJ
BINANIIND,BININD
91D060423,TQD23A
182D060723,THG23A
HINDALCO,HINDAL
364D040124,TYA24A
SKYGOLD,SKYGOL
ICSA,ICSA
JMFINANCIL,JMFINA
SGBDE30III,SGBT62
ELECON,ELEENG
DSPBANKETF,DSPBAN
TALBROAUTO,TALAUT
ALICON,ALICAS
ANLON,ANLTEC
GEECEE,GEEVEN
MADHUCON,MADPRO
ANSALHSG,ANSHOU
MBECL,MCNBHA
GATI,GATLIM
SAH,SAHPOL
INFOMEDIA,INFPRE
VISHWARAJ,VISSU
FIEMIND,FIEIND
HANUNG,HANTOY
HINDCOMPOS,HINCOM
JHS,JHSSVE
DCBBANK,DCB
INSPIRISYS,AFL
CMNL,CHAMET
GLOBALVECT,GLOVEC
SHYAMTEL,SHYTEL
GTLINFRA,GTLINF
HCC,HINCON
FLUOROCHEM,GUJFLU
NAUKRI,INFEDG
SHIVAMAUTO,SHIAUT
MANOMAY,MANTEX
BBL,BHABIJ
DUCOL,DUCORG
AARVEEDEN,AARDEN
GESHIP,GESHIP
JETFRE-RE,JETRE1
TORNTPOWER,TORPOW
PARSVNATH,PARDE
BAIDFIN,BAILEA
MANALIPETC,MANPET
SUTLEJTEX,SUTTEX
GREENPANEL,GREEI
KAMOPAINTS,KAMVEN
DAAWAT,LTOVER
RUCHIRA,RUCPAP
AARTI-RE,AARRE1
SOBHA,SOBDEV
IIFL,IIFL33
BATLIBOI,BATLIB
DONEAR,DONIND
IIFL,IIFL34
MMFL,MMFORG
IIFL,IIFL35
IIFL,IIFL36
IIFL,IIFL37
IIFL,IIFL38
IIFL,IIFL39
VENUSREM,VENREM
INDO-RE,INRE1
AARTIPHARM,AARPHA
KUANTUM,KAUPAP
JINDRILL,JINDAD
BANCOINDIA,BANPRO
ARIHANT,ARIFOU
HIRECT,HINREC
CREST,CREVEN
HERIT-RE,HERRE1
PLASTIBLEN,PLASTI
NFL,NATFER
ARISTO,ARIBIO
VISUINTL,VISINT
HINDUNILVR,HINLEV
PRAENG,PRAENG
KESARENT,KESENT
KOTAKLIQ,KOTN1D
PARACABLES,PARCOM
HBLPOWER,HBLPOW
TANLA,TANSOL
SGBOCT27,SGBT32
JASH,JASENG
PSTL,PYRSAI
CAIRN,CAIIND
ABSLBANETF,BIRBAN
SHREEASHTA,SHRASH
SITINET,SITCAB
SRPL,SHRERA
ZEEMEDIA,ZEEMED
IBUCCR,INND1
AVTNPL,AVTHOM
SUPREMEENG,SUPEN
IBUCCR,INND2
LUMAXTECH,LUMAAU
IBUCCR,INND3
TIDEWATER,TIDWAT
IBUCCR,INND4
IBUCCR,INND5
IBUCCR,INND6
HINDOILEXP,HINOIL
IBUCCR,INND7
IBUCCR,INND8
IBUCCR,INND9
IBUCCR,INN10
IBUCCR,INN11
INCREDFIN,INFND1
INCREDFIN,INFND2
SARLAPOLY,SARPER
INCREDFIN,INFND3
INCREDFIN,INFND4
GRCL,GAYRUB
SANGHVIMOV,SANMOV
HINDPETRO,HINPET
WANBURY,WANLIM
SAGCEM,SAGCEM
JAIBALAJI,JAIBAL
IGPL,IGPETR
SIYSIL,SIYSIL
PTL,PTLENT
AUTOIND,AUTOIN
NETWORK18,NETW18
GANDHITUBE,GANSPE
91D110523,TQE23B
AGI,HSILIM
OMAXAUTO,OMAAUT
PITTIENG,PITLAM
364D080224,TYB24B
SBGLP,SURBUS
PATEL-RE,PARE1
GLOBAL,GLOEDU
UNOMINDA,MININD
SHERA,SHEENE
IZMO,IZMO
NSLNISP,NMDSTE
ROML-RE,RARE1
NINSYS,NINSYS
TIMKEN,TIMIND
HUBTOWN,HUBLIM
LRRPL,LEAREC
TV18BRDCST,TV18BR
IMC1,INDMU1
CTE,CAMTEC
IMC1,INDMU2
TIIL,TECIND
IMC1,INDMU3
IMC1,INDMU4
HDFCBSE500,HDF500
HDFCSML250,HDF250
HDFCMID150,HDF150
HINDZINC,HINZIN
TVSSRICHAK,TVSSRI
MITTAL-RE,MITRE1
618GS2024,618K24
SGBOCT27VI,SGBT33
REDINGTON,REDIND
AARTIPP,AARPP1
MHHL,MOHHEA
PGIL,PEAGL
AGARWALFT,AGAFLO
HINPOWPLUS,HINPOW
ORIENTBELL,ORIBEL
91D250523,TQE23D
182D240823,THH23D
364D220224,TYB24D
MAGOLDETF,MIRGOL
AICHAMP,A1CHAM
KHFM-RE,KHFRE1
CGCL-RE,CAPRE1
SEQUENT,SEQSCI
PFC,POWFIN
FSL,FIRSOU
INDIANB,INDIBA
TTL,TT
VIAZ,VIATYR
TFL,TRANFI
SMSPHARMA,SMSPHA
HSCL,HIMCHE
GANESHHOUC,GANHOU
ORIENTALTL,ORITRI
MINDTREE,MINLIM
APOLLOPIPE,AMULEA
EVINIX,EVIACC
IDEA,IDECEL
HOCL,HINORG
EUROCERA,EURCER
AMDIND,AMDIND
GODREJAGRO,GODAGR
RAJTV,RATELE
SRIVASAVI,SRIAD
SUPREMETEX,SUPTEX
PAGEIND,PAGIND
ASTRAL,ASTPOL
SANOFI,SANOFI
LAOPALA,LAOPA
GOLDBEES,GOLDEX
ABHISHEK,ABHCOR
JKTYRE,JKTYRE
NAHARSPING,NAHSPI
NAHARPOLY,NAHPOL
HOGANAS,HOGIND
IBREALEST,INDREL
KIRLFER,KIRFER
JMTAUTOLTD,JMTAUT
KSOILS,KSOIL
DIVGIITTS,DIVTOR
HLVLTD,HOTLEE
GOKULAGRO,GOKAGR
THEMISMED,THECHE
NCLIND,NCLIND
VERTEXPLUS,VERTEC
BALAMINES,BALAMI
SYSTANGO,SYSTEC
GOKUL-RE,GOKRE1
BANSWRAS,BANSYN
ABSLLIQUID,ADIAI
HOTLINGLAS,HOTGLA
ICRA,ICRLIM
MALCO,MADALU
GOLDSHARE,UTGOLD
DISHTV,DISHTV
ADVANTA,ADVIND
NDLVENTURE,HINVEN
HIL,HILLTD
PHOENIXLTD,PHOMIL
AROGRANITE,AROGRA
ZENITHSTL,ZENITH
BFUTILITIE,BFUTI
182D140923,THI23B
GLOBOFFS,GARSHI
364D140324,TYC24B
MCON,MCORAY
SRHHYPOLTD,SREERA
PSUBANKICI,ICIPSU
SRHHLINDST,SRERH
VELS,VELFIL
FORTIS,FORHEA
ALPHAGEO,ALPHAG
SGBMAR31IV,SGBT63
GSLSU,GLOSUR
WEBELSOLAR,WEBENE
IBP,IBP
TGBHOTELS,TGBBAN
SIMBHALS,SIMSUG
QFIL,QUAFOI
CHEMBOND,CHECH
ANKURDRUGS,MRIPHA
HILTON,HILMET
BINANICEM,BINCEM
FTCSF3YGRO,FRATE2
ACCURACY,ACCSHI
FTCSF5YGRO,FRATE4
FTCSF5YDIV,FRATE3
INSECTICID,INSEC
91D230623,TQF23D
MCDHOLDING,MCHOLD
KMSUGAR,KMSUG
182D220923,THI23C
364D220324,TYC24C
AKZOINDIA,AKZNOB
NAVINFLUOR,NAVFLU
IBULHSGFIN,INHN20
GUJAPOLLO,GUJAPO
IBULHSGFIN,INHN21
IBULHSGFIN,INHN22
GOACARBON,GOACAR
IBULHSGFIN,INHN23
IBULHSGFIN,INHN24
IBULHSGFIN,INHN27
KALINDEE,KALRAI
NAGREEKEXP,NAGEXP
IBULHSGFIN,INHN28
TIMETECHNO,TIMTEC
IBULHSGFIN,INHN29
HGS,HTMGLO
IBULHSGFIN,INHN30
IBULHSGFIN,INHN31
IBULHSGFIN,INHN25
IBULHSGFIN,INHN26
NIRMAN,NIRAGR
NETFINCO,NETFLI
DLF,DLFLIM
FTCPOF3YGR,FTCPO1
TECILCHEM,TECCHE
FTCPOF5YGR,FTCPO3
AXSENSEX,AXISEN
FTCPOF5YDV,FTCPO4
ADVANIHOTR,ADVHOT
WINSOME,WINYAR
IDBI,IDBI
NELCAST,NELLIM
V2RETAIL,VISRET
TARMAT,TARMAT
MANV30F,MIR100
CELESTIAL,CELLAB
SPARC,SUNADV
MEGASOFT,MEGLTD
REPL,RUDENT
S,SOUAS
ADSL,ALLDIG
EVERONN,EVESYS
IFBAGRO,IFBAGR
ALCHEM,ALCLIM
WSI,WSINDU
DECCANCE,DECCEM
VIPCLOTHNG,MAXWEL
ALPA,ALPALA
IFBIND,IFBIND
OMAXE,OMALIM
KOTAKGOLD,KOTGOL
BRIGHT-RE,BRIRE1
IVRCLAH,IVRPRI
USK,UDAINF
182D290923,THI23D
364D290324,TYC24D
ASIANTILES,ASIGRA
CENTRALBK,CENBAN
AKI,AKIIND
SGBSEP28VI,SGBT43
SAHYADRI,SAHYIN
KDDL,KAMDIA
IFCI,IFCI
KPRMILL,KPRMIL
SEPC-RE,SEPRE1
TAKE,TAKSOL
PURVA,PURPRO
SRIPIPES,SRIPIP
LAL,LORAPP
ISMTLTD,ISMT
MAHINDCIE,MAHCIE
MAGS813ETF,MIRNIF
RBA,BURKIN
NAGREEKCAP,NAGCAP
MOTILALOFS,MOTOSW
INDOWIND,INDWIN
MAGNUM,MAGVEN
XLENERGY,XLENE
CSBBANK,CSBBAN
ECEIND,ECEIND
KSCL,KAVSEE
PNB-RE,PNBRE1
POWERGRID,POWGRI
CENTUM,CENELE
KOUTONS,KOURET
CCCL,CONSCO
SOTAC,SOTPHA
INDAL,INDALU
ASCOM,ASCLEA
SUPREMEINF,SUPINF
MANGCHEFER,MANCHE
MAANALU,MANALU
91D130723,TQG23B
182D121023,THJ23B
SHIVAMILLS,SHIMIL
PSUBNKBEES,PSUBAN
BAJAJELEC,BAJELE
364D110424,TYD24B
INFINIUM,INFPHA
CERA,CERSAN
DELTACORP,DELCOR
ENERGYDEV,ENEDEV
MOS,MOSUTI
AVALON,AVATE
SABTN,SRIADH
KOTAKPSUBK,KOTPSB
JCTEL,JCTELE
BLAL,BEMLAN
RELIGARE,RELENT
MOGSEC,MOTGSC
BVCL,BARVAL
CUBEINVIT,CUBHIG
ASTERDM,ASTDM
RADIOCITY,MUSPRF
ADANIPORTS,ADAPOR
SILVERETF,UTISIL
INDGYPSUM,INDGYP
ANTFRIBEAR,ABCBEA
KGL,KARGLO
DUNCANSLTD,DUNCAN
91D200723,TQG23C
182D191023,THJ23C
EDELWEISS,EDEFIN
INDHOTEL,INDHOT
364D180424,TYD24C
KOLTEPATIL,KOLPAT
RGL,RENJEL
KAUSHALYA,KAUINF
PATTECH,PATFIT
COLPAL,COLPAL
JYOTHYLAB,JYOLAB
AGUL,AGUNI
INDIACEM,INDCEM
MADHAV,MADMAR
RHL,ROBHOT
KALYANIFRG,KALFOR
HITECHCORP,HITPLA
SDBL-RE1,SOMRE1
TRIL,TRAREC
ECLERX,ECLSER
KIRLPNU,KGKHOS
BRIGADE,BRIENT
BGRENERGY,BGRENE
STERLINBIO,STEBIO
GISO-RE,GIERE1
BURNPUR,BURCEM
MANAKSIA,MANLIM
ARIES,ARIAGR
IBUCCREDIT,INN12
PPAP,PPAAUT
INDIAGLYCO,INDGLY
IBUCCREDIT,INN13
DVL,DHUPET
IBUCCREDIT,INN14
PATINTLOG,PATINT
IBUCCREDIT,INN15
TELEDATAGL,TELDAT
UJJIVANSFB,UJJSMA
LICNFNHGP,LIC100
IBUCCREDIT,INN16
SKIL,SKIINF
AMBIKCO,AMBCOT
IBUCCREDIT,INN17
BIRLAMONEY,ADIMON
INDIALEASE,INDLEA
IBUCCREDIT,INN18
IBUCCREDIT,INN19
KAVVERITEL,KAVTEL
IBUCCREDIT,INN20
IBUCCREDIT,INN21
IBUCCREDIT,INN22
CEATLTD,CEAT
RPOWER,RELPOW
JKIL,JKUMAR
INDIANACRY,INDACR
CORDSCABLE,CORCAB
ONMOBILE,ONMGLO
KNRCON,KNRCON
QUICKTOUCH,QUITEC
HERCULES,HERHOI
VIRINCHI,VIRLIM
INDIANHUME,INDHUM
SUJANAUNI,SUJIND
BANG,BANOVE
SEPC,SHREPC
IRB,IRBINF
PIRGLASS,GUJGLA
QGOLDHALF,QUAGOL
NMDC,NATMIN
RAIN,RAIIND
SHALPAINTS,SHAPAI
SADHNANIQ,SADNIT
GSS,GSSINF
RECLTD,RURELE
NAHARCAP,NAHCAP
VGUARD,VGUARD
CHOLAFIN,CHON19
CHOLAFIN,CHON20
SOLEMS,SOLEMS
INDIAPHOTO,KODIND
CHOLAFIN,CHON21
CHOLAFIN,CHON22
CHOLAFIN,CHON23
CHOLAFIN,CHON24
PDMJEPAPER,PUDPAP
MANKIND,MAPHA
DHANI,IBSECU
RACE,ANIIMP
EIHAHOTELS,EIHASS
APCOTEXIND,APCLAT
NESCO,NESCO
ATAM,ATAVAL
TWL,TITWAG
DPSCLTD,DPSLIM
INDIASEC,INDSEC
SGBDC27VII,SGBT34
DENEERS,DENEER
RKEC,RKEPRO
HCG,HEAGLO
RVHL,RAVHEI
ABIRLANUVO,ADIBIR
91D100823,TQH23B
APOLLOHOSP,APOHOS
GMMPFAUDLR,GUJMAC
182D091123,THK23B
364D090524,TYE24B
GILLETTE,GILIND
91D170823,TQH23C
182D161123,THK23C
364D160524,TYE24C
TARC,ANARA
NXST,NEXSEL
COX&KINGS,CNKLIM
INDYESTUF,INDDYE
HINDWAREAP,SOMHOM
MILTON,MILIND
AUROIMPEX,AURIMP
GODHA-RE,GODRE1
INFY,INFTEC
INGERRAND,INGRAN
MGEL,MANGLO
PRINCEPIPE,PRIPIP
INSILCO,INSILC
GODHA,GODCAB
BHARATWIRE,BHAWIR
FAIRCHEMOR,FAIORG
KRISHCA,KRISTR
INTLTRAVHS,INTTRA
INVELTRANS,GKNDRI
TATAINVEST,TATINV
EBBETF0423,BHABO1
IOC,INDOIL
INFIBEAM,INFINC
EBBETF0430,BHABO2
LINDEINDIA,LININ
BECTORFOOD,MRSBEC
PANACHE,PANDIG
APOLLOTYRE,APOTYR
IONEXCHANG,IONEXC
IPCALAB,IPCLAB
IPCL,IPCL
TATASTLLP,TATSPO
MMP,MMPIND
VCL,VAXCOT
ISPATPROF,ISPPRO
ISSAL,INDSE
VAISHALI,VAIPHA
ANDHRAPAP,INTPAP
ITC,ITC
ATFL,AGRTE
KIRIINDUS,KIRIDY
CHI,CHIINV
ANIKINDS,ANIIND
BAJAJ-AUTO,BAAUTO
BAJAJFINSV,BAFINS
DIGISPICE,SPIMOB
SURANACORP,SURCOR
PIRPHYTO,PIRPHY
GOKUL,GOKREF
UBL,UNIBR
ALMONDZ,ALMGLO
HGINFRA,HGINF
RPGLIFE,RPGLIF
SPICETELE,SPICOM
RBL,RANBRA
ITI,ITI
RANEENGINE,RANENG
MVL,MVLLIM
METKORE,METALL
RELBANK,RELBAN
ITWSIGNODE,ITWSIG
GET&D,ALSTD
ARCHIDPLY,ARCIN
LOTUSEYE,LOTEYE
QNIFTY,QUANIF
VINYLINDIA,VINCHE
KOKUYOCMLN,KOKCAM
BIRLACOT,BIRCOT
LGBFORGE,LBGFOR
OCTAV,OCTINV
EQUITAS,EQUHOL
LPDC,LANPRO
SICAGEN,SICIND
AUSTRAL,AUSCOK
JDORGOCHEM,JDORG
APPLECREDT,APPCRE
DPWIRES,DPWIR
TOUCHWOOD,TOUENT
ARTEMISMED,ARTMED
ZFCVINDIA,WABIND
20MICRONS,20MICR
JOCIL,JOCLIM
INDBANK,INDMER
ALKALI,ALKMET
TATAMTRDVR,TMLDVR
JIKIND,JIKIND
COUNCODOS,COUCON
SCAPDVR,SCLDVR
GISOLUTION,GIENGI
FELDVR,FUTENT
EDSERV,EDSERV
MAWANASUG,MAWSU
PATANJALI,RUCSOY
THYROCARE,THYTEC
SHARIABEES,SHAETF
HINDNATGLS,HINNAT
HARITASEAT,HARSEA
PALREDTEC,PALTEC
UJJIVAN,UJJFIN
JAYBARMARU,JAYMAR
CROMPTON,CROGR
SUMICHEM,SUMCH
SGBJ28VIII,SGBT35
PARAGMILK,PARMIL
ICICIM150,ICI150
JAYPEEHOT,JAYHOT
EQ30,EDEN30
MANXT50,MIRN50
SHRIPISTON,SHRPIS
JAYSREETEA,JAYTEA
ARROWTEX,ARRTEX
ALBERTDAVD,ALBDAV
JBCHEPHARM,JBCHEM
ARMANFIN,ARMFIN
ASPINWALL,ASPCOM
SETFGOLD,SBIGOL
BLS,BLSINT
NAGAFERT,NAGFER
AJMERA,AJMREA
IFL,INDFOI
MHRIL,MAHHOL
TELEDATAIT,TELTEC
SALONA,SALCOT
GKWLIMITED,GKW
VINATIORGA,VINORG
MYSOREBANK,STABM
EXCEL,EXCINF
ADANIPOWER,ADAPOW
SETF10GILT,SBIGSE
PREMEXPLN,PREEXP
NHPC,NHPC
JINDCOT,JINCOT
GLOBUSSPR,GLOSPI
OIL,OILIND
EUROMULTI,EURMUL
MAXVIL,MAXVEN
MMWL,MEDMAT
ICICINV20,ICIN20
CONTROLPR,CONPRI
UVSL,LLOSTE
EXPLEOSOL,SQSIND
INCREDIBLE,ADHIND
SETCO,SETAUT
RTNPOWER,RATPOW
MAHASTEEL,MAHSTE
JINDALIRON,JINIRO
MGL,MAHGAS
DAMODARIND,DAMTHR
AMRUTANJAN,AMRHEA
BIMETAL,BIMBEA
JINDALPOLY,JINPOL
BIRLATYRE,BIRTYR
KSE,KSE
ASALCBR,ASSALC
MARG,MARCON
MAHEPC,EPCIND
MOLDTECH,MOLTEK
COMPINFO,COMINF
ZYDUSWELL,ZYDWEL
SUNTECK,SUNRE
POKARNA,POKGRA
UNIVPHOTO,UNIPHO
SGBFEB28IX,SGBT36
ALOKINDS,ALOIND
GPTINFRA,GPTINF
VIJIFIN,VIJFIN
KEMROCK,KEMIND
LTGILTBEES,RELGIL
ICICIMCAP,ICIMID
QUESS,QUECOR
DIGJAMLMTD,DIGLIM
DEN,DENNET
ASTEC,ASTLIF
BAFNAPH,BAFPHA
SHILPAMED,SHIME
SARDAEN,SARENE
REFEX,REFIND
GROBTEA,GROTEA
RBN,RELMED
SOMICONVEY,SOMCON
LSIL,LLOST
LTIM,LTINFO
KANPRPLA,KANPLA
ARSHIYA,ARSLIM
AHLUCONT,AHLCON
GILLANDERS,GILARB
JKPHARMA,JKPHAR
DLINKINDIA,DLILIM
JSWENERGY,JSWENE
JKSYNTHETC,JKSYN
GODREJPROP,GODPRO
DBCORP,DBCORP
KWALITY,KWALIM
ABBOTINDIA,ABBIND
AMARJOTHI,AMASPI
AMLSTEEL,AMLSTE
GEEKAYWIRE,GEEWIR
BAYERCROP,BAYIND
BEARDSELL,BEALIM
HINDCOPPER,HINCOP
SUVENPHAR,SUVPH
INFODRIVE,INFDRI
JUPITER,JUPORG
MMTC,MINERA
NESTLEIND,NESIND
AWHCL,ANTWAS
SBICARD,SBICAR
RAJPALAYAM,RAJMIL
SARVESHWAR,SARFOO
TRF,TRF
UNITEDTEA,THEUNI
WHIRLPOOL,WHIIND
STAMPEDE,STACA
MBLINFRA,MBLINF
ADVENZYMES,ADVENZ
MINDTECK,MINLTD
KABRAEXTRU,KABEXT
INFINITE,INFCOM
KAJARIACER,KAJCER
DBL,DILBUI
JUBLFOOD,JUBFOO
ARENTERP,RAJIN
KOTAKNIFTY,KOTNIF
KAKATCEM,KAKCEM
VASCONEQ,VASENG
THANGAMAYL,THAJEW
DBREALTY,DBREAL
AQUA,AQULOG
KALPATPOWR,KALPOW
EMMBI,EMMIND
HATHWAY,HATCAB
GKB,GKBOPH
KARURKCP,KARKCP
BOSCHCHASY,KALBRA
PANCARBON,PANCAR
ARSSINFRA,ARSINF
ORIENTLTD,ORIPRE
TEXMOPIPES,TEXPIP
KECL,KIRLOS
MANINFRA,MANINF
DEEPENR,DEEIND
SPAL,SPAPP
UNITEDBNK,UNITBA
HNGSNGBEES,HANBEE
IVZINGOLD,INVGOL
LGBBROSLTD,LGBALA
BROADCAST,BROINI
GEINDSYS,GEIHAM
KANORICHEM,KANCH
PRADIP,PRAOVE
PERSISTENT,PERSYS
NDGL,NAGDHU
KARURVYSYA,KARVYS
RBLBANK,RBLBAN
TCPLPACK,TWEFIR
KCP,KCPLTD
ACROPETAL,ACRTEC
ENTEGRA,ENTLIM
PARAPRINT,PARPRI
SHRIASTER,SHRAST
ASIANHOTNR,ASIHOT
RMMIL,RESMIN
BIGBLOC,BIGCON
SUMMIT,KECINT
SGBMAR28X,SGBT37
POWERINDIA,ABBPOW
719GS2060,719D60
LGHL,LAXGOL
ISFT,INTSOF
SABEVENTS,SABEVE
TVVISION,TVVISI
CUPID,CUPRUB
KERALACHEM,NITGEL
716GS2050,716D50
MITTAL,MITLIF
LTTS,LTTEC
GNA,GNAAXL
KIRLOSBROS,KIRBRO
VALECHAENG,VALENG
HUSYSLTD,HUSCON
KESORAMIND,KESIND
KGDENIM,KGDENI
ICICIPRULI,ICIPRU
MARATHON,MARNEX
HPL,HPLELE
ARIHANTRED,ARITHR
MASKINVEST,MASINV
GRETEX,GREI
AURDIS,AURDIS
DRL,DHAREA
IDFNIFTYET,IDFNIF
CARYSIL,ACRIN
TALWALKARS,TALWAL
NITESHEST,NITEST
ENDURANCE,ENDTEC
TARAPUR,TARLIM
NIRAJISPAT,NIRISP
579GS2030,5.79E+32
KINETICMOT,KINHON
SGBAPR28I,SGBT38
VERTOZ,VERADV
MAZDA,MAZCON
SJVN,SJVLIM
KSL,KALSTE
JPINFRATEC,JAYINF
PNBHOUSING,PNBHOU
GUJNREDVR,GUJNPP
VBL,VARBEV
SUNDARAM,SUNMUL
RAINBOWPAP,RAIPAP
KINGFA,HYDSS
RIL-RE,RELRE1
RAJRATAN,RAJWIR
KAPSTON,KAPFAC
SGBMAY28,SGBT39
619GS2034,6.19E+36
522GS2025,522F25
UNIVASTU,UNIVIN
PIONDIST,PIODIS
STYRENIX,STYABS
CUMMINSIND,CUMIND
KIRLOSIND,KIROIL
SAMRUDDHI,SAMCEM
PODDARMENT,PODPIG
KIRLOSPNEU,KIRPNE
MANAPPURAM,MANAFI
AARVI,AARENC
SGBJUN28,SGBT40
ARVINDF-RE,ARVRE1
ITBEES,NIPNIT
SILLYMONKS,SILMON
ABFRL-RE,ADIRE1
ROLLT,ROLLAT
NBIFIN,NBIIND
KIOCL,KIOLIM
UMESLTD,USHMAR
CMICABLES,CMI
SFL,SHEFOA
KOPRAN,KOPRAN
TI,TILIND
SGBJAN29IX,SGBT46
HEADSUP,MANRET
HMVL,HINMED
KOTAKBANK,KOTMAH
TCIEXP,TCIEXP
WEALTH,WEAFIR
AARTISURF,AARSUR
LAURUSLABS,LAULAB
IMFA,INDMFA
BLISSGVS,BLIGVS
LIQUIDETF,DSPETF
DFMFOODS,DFMFOO
EMAMIREAL,EMAINF
USHERAGRO,USHAGR
MOM50,MOTM50
TERASOFT,TERSOF
ITDC,INDTOU
ARVIND,ARVLIM
HISARMETAL,HISMET
PROLIFE,PROIN
KREBSBIO,KREBIO
AHLWEST,ASIWES
SPCENET,SPAENT
SRTRANS-RE,SHRRE1
PVR-RE,PVRRE1
BODHTREE,BODCON
BOROLTD,BORLIM
ROSSARI,ROSBIO
REFEX-RE,REFRE1
EMPEESUG,EMPSUG
AHLEAST,ASIEAS
CAPTRUST,CAPTRU
KRONECOMM,ADCIND
KSB,KSBPUM
BHARATFIN,BHAFIN
IITL,INDINV
BAJAJCON,BAJCOR
HDFCMFGETF,HDFGOL
BHANDARI,BHAHOS
UGARSUGAR,UGASUG
BSE,BSE
PRAKASHSTL,PRAS
LAKHNNATNL,PANENE
PRICOLLTD,PRILI
TRENT,TRENT
KALYANI,KALCO
ICICIGOLD,ICIGOL
JITFINFRA,JITINF
LAKSHVILAS,LAKVIL
URJA-RE,URJRE1
GPPL,GUJPPL
LANESEDA,LANESE
ADFFOODS,ADFFOO
LAXMIMACH,LAKMAC
WELINV,WELINV
SREINFRA,SRE105
RADIOCITY,MUSBRO
MASFIN,MASFIN
DMART,AVESUP
ORISSAMINE,ORIMIN
LIBERTSHOE,LIBSHO
KILITCH,KILDRU
DEEPAKNTR,DEENIT
LICHSGFIN,LICHF
ASHCONIUL,DATIND
POCL,PONOXI
RANBAXY,RANLAB
PRITHVISOF,PRISOF
SOUISPAT,SOUISP
SRICHAMUND,CHASUG
SGBJAN29X,SGBT47
AHLADA,AHLENG
SREINFRA,SRE106
SASTASUNDR,MICFIN
INTENTECH,INTT
INFRABEES,INFBEE
EROSMEDIA,EROINT
CAREERP,CARPOI
TASTYBITE,TASBIT
UNIDT,UNIDRI
SREINFRA,SRE107
GREENPOWER,ORIGRE
LML,LML
RAMKY,RAINFR
GALLISPAT,GALISP
ARIHANTSUP,ARISUP
CANTABIL,CANRET
SREINFRA,SRE108
TECPRO,TECSYS
AKSHARCHEM,AUDIND
LUMAXIND,LUMIND
ASHOKA,ASHBUI
WABAG,VATWAB
BEDMUTHA,BEDIND
URJA,URJGLO
SREINFRA,SRE109
CLEDUCATE,CLEDU
JWL,COMENG
SREINFRA,SRE110
OBEROIRLTY,OBEREA
SREINFRA,SRE111
SREINFRA,SRE112
LYKALABS,LYKLAB
IRFC,INDR
GAL,GYSALL
ASHAPURMIN,ASHMIN
PRESTIGE,PREEST
M&M,MAHMAH
NRAIL,NRAGAR
SHANKARA,SHABUI
RESPONIND,RESIND
CGCL,CAPGLO
SREINFRA,SRE113
L&TFH-RE,LTFRE1
COALINDIA,COALIN
IOLCP,IOLCHE
ACL,ANDCEM
NACLIND,NAGAG
RAMCOCEM,RAMCEM
PODDARHOUS,PODHOU
APCL,ANJPO
INDIGOPNTS,INDPAI
CHENNPETRO,CHEPET
WIPL,WESIP
ASLIND,ASLIND
MKPL,MKPRO
AXISGOLD,AXIGOL
GRAVITA,GRAVIN
HOMEFIRST,HOMFIR
DOLLAR,DOLIN
MAFATLAIND,MAFIND
ASHIMASYN,ASHLIM
SUPERHOUSE,SUPLIM
PENIND,PENIND
JINDWORLD,JINWOR
SCHAND,SCHA
VTL,VARTEX
RPPINFRA,RPPINF
BHAGYANGR,BHALIM
JAMNAAUTO,JAMAUT
MAHINDUGIN,MAHUGI
SUMEETINDS,SUMIND
IRBINVIT,IRBINV
HUDCO,HUDCO
MOIL,MOILIM
MAHSCOOTER,MAHSCO
ZEELEARN,ZEELEA
PSPPROJECT,PSPPRO
MAHSEAMLES,MAHSEA
GANGOTRI,GANTEX
ASHKLEYFIN,ASHLF
KTIL,KESTER
A2ZINFRA,A2ZMAI
SPANCO,SPALTD
MANJUSHREE,MANEXT
JALAN,JALTRA
KIRLOSENG,KIRENG
MAJESAUTO,MAJAUT
RKDL,RAVKUM
VSCL,VADSPE
INDIGRID,INDGRI
PSB,PUNSIN
FMNL,FUTMAR
KBIL,KIRBIL
MANGLMCEM,MANCEM
STOVEKRAFT,STOKRA
SURANASOL,SURSOL
MANGTIMBER,MANTIM
STARCEMENT,STACEM
SPYL,SHEPOL
BFINVEST,BFINV
KICL,KALINV
MARALOVER,MAROVE
TEJASNET,TEJNET
ERIS,ERILIF
TARACHAND,TARCHA
CDSL,CDSL
MARDIASTL,MARSTE
GTPL,GTPHAT
ASHOKLEY,ASHLEY
ACCORD,ACCSYN
AUBANK,AUSMA
MASTEK,MASTEK
AXISNIFTY,AXINIF
ICICILOVOL,ICIN30
DALMIABHA,DALBHA
SUMMITSEC,SUMSEC
DYNPRO,DYNPRO
MDL,MARDEC
AGLSL,ARTGLO
BHAGYAPROP,BHAPRO
STEELXIND,STEEXC
SALASAR,SALTEC
PALASHSECU,PALSEC
MATHPLATT,MPICOR
MAGADSUGAR,MAGSUG
GANGESSECU,GANSEC
AVADHSUGAR,AVASUG
MFSL,MAXFIN
MOM100,MOT100
THEINVEST,FORFI
BDL,BHADYN
SPTL,SINPLA
OPTIEMUS,OPTINF
UTINEXT50,UTINI
STEL,SENTEA
SIS,SECINT
COCHINSHIP,COCSHI
JUBLINDS,JUBIND
SMSLIFE,SMSLIF
DEEPAK-RE,DEERE1
ABCAPITAL,ADICAP
APEX,APEFRO
RANKLIN,RANSOL
COROENGG,CORENG
PASHUPATI,PASCOT
HINDMOTORS,HINMOT
RAJMET,RAJME
BRNL,BHAROA
DIXON,DIXTEC
MANAV,MANAI
DCAL,DISCAR
LASA,LASSUP
CORAL-HUB,VIINFO
MATRIMONY,MATCOM
RHFL,RELHOM
CHOLAHLDNG,TUBINV
GAMMONIND,GAMIND
CAPACITE,CAPINF
METAZINC,MTZIND
BABAFOOD,SRIKR
AKG,AKGEXI
ICICIGI,ICILOM
METROCHEM,METIND
MPTODAY,MADPRA
SBILIFE,SBILIF
BOSCHLTD,BOSLIM
RMDRIP,RMDRI
CADSYS,CADIN
TEXRAIL,TEXRAI
SUNDARMHLD,SUNF
DIAMONDYD,PRASNA
INNOVATIVE,INNTYR
TIRUPATI,SHRTIR
GENCON,WELPOR
HFCL,HIMFUT
INDTERRAIN,INDTER
ACC,ACC
IEX,INDEN
SGBFEB29XI,SGBT48
MIRCELECTR,MIRELE
BIRET,BROIND
ERFLNCDI,ECLN90
ABFRLPP1,ADIPP1
ERFLNCDI,ECLN91
ERFLNCDI,ECLN92
M&MFIN-RE,MAHRE1
DHUNINV,DHUINV
EBBETF0431,BHABO4
SGBJUL28IV,SGBT41
EBBETF0425,BHABO3
GDL-RE,GATRE1
NDRAUTO,NDRAUT
WORTH,WORPER
TIRUPATIFL,TIRFOR
SPENCER-RE,SPERE1
577GS2030,577H30
MINDSPACE,MINBUS
TATASTLPP,TATP10
SATIN-RE,SATRE1
HDFC,HDFWA2
ICICIALPLV,ICIA30
MACPOWER,MACCNC
MCL,MADCOP
ICICITECH,ICIPIT
MAXHEALTH,MAXHEA
SGBAUG28V,SGBT42
MINDA-RE,MINRE1
LOVABLE,LOVLIN
TOTAL,TOTTRA
MAXIND,MAXI
HBANKETF,HDFBET
CKPPRODUCT,CKPPRO
68GS2060,680H60
UTIBANKETF,UTIBET
ERFLNCDI,ECLN93
EIH-RE,EIHRE1
ERFLNCDI,ECLN94
ERFLNCDI,ECLN95
PENINLAND,PENLAN
MOREPENLAB,MORLAB
PFS,PTCIND
MORGANSTAN,MORSTA
BANDHANBNK,BANBAN
MOTOGENFIN,MOTGEN
MON100,MOTNAS
IRISDOREME,IRICLO
MRF,MRFTYR
MRPL,MRPL
HLEGLAS,SWIGLA
MTNL,MTNL
HAL,HINAER
BESTAGRO,SAHCRE
MUNJALSHOW,MUNSHO
MURUDCERA,MURCER
HEIDELBERG,HEICEM
NCC,NAGCON
SMCGLOBAL,SMCGLO
URAVI,URAT
CPSEETF,CPSETF
JAYNECOIND,JAYNE
TCIDEVELOP,TCIDEV
NAHARSUGAR,NAHSUG
AAKASH,AAKEXP
NURECA,NURLIM
KBCGLOBAL,KARCON
NALCOCHEM,NALCHE
ASIANPAINT,ASIPAI
GIRIRAJ,GIRCIV
MUTHOOTFIN,MUTFIN
NARMDCHEMA,NARCHE
BSLGOLDETF,BSLGOL
SANGHVIFOR,SANFOR
NAVNETEDUL,NAVEDU
NELCO,NELCO
DRDATSONS,DATLAB
NEPCAGRO,NEPAGR
ESSARPORTS,ESSSHI
SANDHAR,SANTE
NEULANDLAB,NEULAB
PEL,PIRENT
PIIND,PIIND
SYMPHONY,SYMLIM
VADILALIND,VADIND
NILKAMAL,NILLIM
IVZINNIFTY,INVNIF
RELAXO,RELFOO
OMINFRAL,OMMETA
DQE,DQENTE
ESTER,ESTIND
NIPPONDENS,DENIND
VSTTILLERS,VSTTIL
RAILTEL,RAICOR
NIRLON,NIRLON
CONSUMBEES,RELCON
NIRMA,NIRMA
KARMAENG,KARENE
NKIND,NKIND
DELPHIFX,WEIFOR
ASHIANA,ASHHOU
DHANUKA,DHAAG
NOCIL,NOCIL
TELEMARINE,TELMAR
FILATEX,FILIND
MAITHANALL,MAIALL
CENTRUM,CENCAP
RUSHIL,RUSDEC
MIDHANI,MISDHA
OENCONNECT,FRACON
OILCOUNTUB,OILCOU
ONGC,ONGC
WELGLOB,WELGLO
BSLNIFTY,BIRNIF
BGLOBAL,BHAGLO
ADL,ARCDEC
ONWARDTEC,ONWTEC
HIRAFERRO,HIRFER
NEOCORP,NEOSAC
PANCHSHEEL,PANORG
SARTHAKIND,SARTHA
ORIENTBANK,ORIBAN
INVENTURE,INVGRO
ISEC,ICISEC
SILGO,SILRET
ELGIRUBCO,ELGRUB
ORIENTHOT,ORIHOT
L&TFH,LTFINA
ORIENTPPR,ORIPAP
WINDMACHIN,WINMAC
YAARI,INDWHO
ADANIENT,ADAENT
BODALCHEM,BODCHE
GAYAPROJ,GAYPRO
AFL-RE,ARVRE2
TREEHOUSE,TREHOU
ASAHISONG,ASASON
ASSAMFRONT,AFTIND
BCLIND,BHACH
BROOKS,BROLAB
OSWALAGRO,OSWAGR
TDPOWERSYS,TDPSYS
CIMMCO,CIMLIM
ARCOTECH,ARCLTD
TECHIN,TECNIR
OTIS,OTIELE
OUDHSUG,OUDSUG
CONTI,CONSEE
APLLTD,ALEPHA
VASWANI,VASIND
PGHH,PROGAM
PGEL,PGELEC
PANAMAPET,PANPET
SETUINFRA,PRACON
PAISALO,SEINVE
PADMINPOLY,PADPOL
TIJARIA,TIJPOL
ONELIFECAP,ONECAP
NIRAJ,NICEME
TAKSHEEL,TAKSHE
FLEXITUFF,FLEINT
UJAAS,UJAENE
IIFLNIFTY,IIFNIF
SHAKTIPUMP,SHAPUM
TRITURBINE,TRITUR
INDOTHAI,INDTHA
HUHTAMAKI,HUHPPL
ESSARSHPNG,ESSSH
IDBIGOLD,IDBGOL
JISLDVREQS,JISDVR
DSSL,DYNSYS
POLYMED,POLMED
RUPA,RUPACO
PARRYAGRO,PARAGR
VIKASECO,VIKECO
APLAPOLLO,APLAPO
KANANIIND,KANAIN
ALPINEHOU,ALPHOU
PATSPINLTD,PATIND
VTMLTD,VTMLTD
MINDACORP,MINCOR
DALMIAREF,DALREF
3PLAND,PUDAGR
AMJLAND,PUDPUL
PARTYCRUS,PARCRU
ATLASCOPCO,ATLCOP
LEMONTREE,LEMTRE
PEARLGLOBL,PEAGLO
PEARLPOLY,PEAPOL
HERANBA,HERIND
SEAMECLTD,SEALIM
KOTAKIT,KOTEIT
ATUL,ATUL
PAVNAIND,PAVIND
DIVOPPBEES,RELDIV
PFIZER,PFIZER
DRCSYSTEMS,DRCSYS
PCBL,PHICAR
PHILIPS,PHIIND
PHOENIXLL,PHOLAM
PIDILITIND,PIDIND
VERA,VERSYN
POLYPLEX,POLCOR
SSINFRA,SSINF
CHEMCON,CHESPE
HEXATRADEX,HEXTRA
TBZ,TRIBHI
PRAJIND,PRAIN
VSSL,VARSPE
PRAKASH,PRAIND
MTARTECH,MTATEC
SWANENERGY,SWAENE
CHROMATIC,CHRIND
SPECIALITY,SPERES
PRECOT,PREMIL
EON,EONELE
BUTTERFLY,BUTGAN
CINELINE,CININD
PRECWIRE,PREWIR
NARMADA,NARAG
RTNINDIA,RATINF
SEPOWER,SEPOW
AMTL,ADVMET
PRSMJOHNSN,PRICE
AUROPHARMA,AURPHA
PSL,PSLLIM
PUNANDLAMP,PUNANA
PUNJABTRAC,PUNTRA
PUNJABWIRE,PUNWIR
GICRE,GIC
PUNJCOMMU,PUNCO
AUTOAXLES,AUTAXL
JUBLINGREA,JUBING
EASEMYTRIP,EASTRI
RSWM,RAJSPI
CHEMFAB,CHEALK
RAJSREESUG,RAJSUG
SGBMR29XII,SGBT49
ARVEE,ARVLAB
RALLIS,RALIND
ANURAS,ANURAS
RANASUG,RANSUG
AUTOLEC,AUTIND
LXCHEM,LAXORG
RANEHOLDIN,RANMAD
RASLAMIPAK,RASPRO
CRAFTSMAN,CRAAUT
ROOFITIND,ROOIN
RAYMOND,RAYMON
RAYMONDSYN,RAYSYN
RCF,RCF
HITECH,HITPIP
REALVALAPL,REAVAL
RECKCOLMAN,RECCOL
THEJO,THEENG
RELIANCE,RELIND
PROZONINTU,PROCAP
MORARJEE,MORTEX
KITEX,KITGAR
MAYURUNIQ,MAYUNI
ROSSELLIND,ROSIN
DUCON,DUCINF
CINEMAXIN,CINMAX
SUNCLAYLTD,SUNCLA
ZUARI,ZUAAGR
RICOAUTO,RICAUT
CARERATING,CARE
RIIL,RELII
PCJEWELLER,PCJEW
INDUSTOWER,BHAINF
ROSSELL,ROSIND
VMART,VMART
AVERY,AVEIND
RUBYMILLS,RUBMIL
MOHITIND,MOHIND
ANKITMETAL,ANKMET
NAKODA,NAKLIM
RUCHISTRIP,RUCSTR
SABERORGAN,SABORG
KALYANKJIL,KALJEW
ICICINIFTY,ICINIF
RPGTLTD,RPGTRA
NIF100BEES,REL100
REPCOHOME,REPHOM
SAIL,SAIL
SAKHTISUG,SAKSUG
SURYODAY,SURSMA
ORIENTELEC,ORIELE
NIBL,NRBIND
SALORAINTL,SALINT
ORTINLAB,ORTLAB
GSCLCEMENT,GUJSID
NAZARA,NAZTEC
VIVIDHA,VISPOL
SANDESH,SANDES
VIMALOIL,VIMOIL
SANDVIKAS,SANASI
JUSTDIAL,JUSDIA
SANGHIIND,SANGHI
SUVIDHAA,SUVINF
SANGHIPOLY,SANPOL
NIVINFRA,SVELEC
ICICI500,ICI500
CEREBRAINT,CERINT
WONDERLA,WONHOL
ATULAUTO,ATUAUT
FCONSUMER,FUTVEN
ORIENTCEM,ORICEM
AXISTECETF,AXITEC
ABFRL,ADIFAS
IBULHSGFIN,INDHO
SATYAMCOMP,SATCOM
SOTL,SAVOIL
SDL26BEES,NIPSDL
JINDALSAW,JINSAW
ESSENTIA,INTGAR
ICICINF100,ICI100
SBIN,STABAN
SCI,SCI
BAJAJHLDNG,BAJHOL
NTL,SUJTOW
VEDL,VEDLIM
SESHAPAPER,SESPAP
SHAMKNSPIN,SHASPI
SHANTIGEAR,SHAGEA
BAJAJHIND,BAJHIN
PILITA,PILITA
SHASUNPHAR,SHADRU
SHAWALLACE,SHAWAL
SFCL,STAFER
AFLPP,ARVPP1
SHREDIGCEM,SHRDIG
SHARONBIO,SHABIO
THOMASCOTT,THOSCO
SHREECEM,SHRCEM
IGRID-RE,INDRE1
DBSTOCKBRO,DBINT
COMPUSOFT,COMSOF
RHIM,ORIREF
SATINPP1,SATPP1
MCX,MCX
TIINDIA,TUBIN
SCHNEIDER,SCHELE
NDL,NANDEN
SHREYANIND,SHRIN
CRMFGETF,CANGOL
BARBEQUE,BARNAT
PROVOGE,PROVOG
MGOLD,MOTGOL
SHREYAS,SHRSHI
SHRIYAMSEC,SHRSEC
HONDAPOWER,SHRHON
MTEDUCARE,MTEDU
NBCC,NBCC
LYPSAGEMS,LYPGEM
ORBTEXP,ORBEXP
SIDDHIKA,SIDCOA
BORORENEW,BORGLA
SIEMENS,SIEMEN
JPOLYINVST,JININV
NGCT,NORCOM
RELNIFTY,RELNIF
SIMPLEXINF,SIMINF
BAJFINANCE,BAJFI
GILT5YBEES,NIPGIL
KDDL-RE,KAMRE1
SIVIND,SIVIND
SREEL,SRELIM
CNOVAPETRO,CILNOV
SKFINDIA,SKFIND
VMARCIND,VMAIND
PINCON,PINSPI
SMDYECHEM,SMDYE
563GS2026,563D26
664GS2035,664D35
GSKCONS,GLACON
SMZSCHEM,SMZSCH
LODHA,MACDEV
BALAJHOTEL,BALHOT
JTEKTINDIA,SONKOY
ANGELONE,ANGBRO
SOUTHNHERB,SOUHER
SPECIALSTL,TATSSL
NITIRAJ,NITENG
SPIC,SPIC
SPICELEC,SPESEM
SPICFINE,HENSPI
BALAJIDIST,BALDIS
SRF,SRF
TEMBO,SAKEXI
SRIVISHCEM,SRIVIS
STARPAPER,STAPAP
DEEPINDS,DEEIN
VALIANTORG,VALORG
MODISONLTD,MODMET
SUASHDIMON,SUADIA
BALAJIIND,BALI
SUBROS,SUBROS
SUDARSCHEM,SUDCHE
ISGEC,ISGHEA
SULZER,SULIND
SFHL-RE,SUNRE1
SUNDARMFIN,SUNFIN
SUNDRMFAST,SUNFAS
SUNFLAG,SUNIRO
BALKRISIND,BALIND
SUNPHARMA,SUNPHA
SUPERFORGE,SUPFOR
SUPERSPIN,SUPSPI
SUPREMEIND,SUPIND
SURYAROSNI,SURROS
BALMLAWRIE,BALLAW
SWARAJENG,SWAENG
SMLISUZU,SMLISU
AGARIND,AGAIND
SWIL,SWIL
TAINWALCHM,TAICHE
ADORWELD,ADOWEL
TANFAC,TANIND
AJOONI,AJOBIO
TATACHEM,TATCHE
BALRAMCHIN,BALCHI
TATAELXSI,TATELX
TATAFIN,TATFIN
HONAUT,HONAUT
INDIGRID,INGND1
CAMS,COMAGE
INDIGRID,INGND2
INDIGRID,INGND3
TATAMETALI,TATME
INDIGRID,INGND4
TATAPOWER,TATPOW
INDIGRID,INGND5
TATACONSUM,TATGLO
INDIGRID,INGND6
BBOX,AGCNET
INDIGRID,INGND7
INDIGRID,INGND8
TATAMOTORS,TATMOT
INDIGRID,INGND9
TELEPHNCAB,TELCAB
TEXTOOL,TEXTOO
INDIGRID,INGN10
TFCILTD,TOUFIN
BANARBEADS,BANBEA
INDIGRID,INGN11
THERMAX,THERMA
INDIGRID,INGN12
THOMASCOOK,THOCOO
CLSEL,CHASET
TINPLATE,TINCO
PGINVIT,POWINF
TIRUMALCHM,THICHE
TATASTEEL,TATSTE
BANARISUG,BANAMA
TITAN,TITIND
MAFANG,MIRNYS
TNPETRO,TAMPET
TOLANIBULK,TOLBUL
TORNTPHARM,TORPHA
426GS2023,4.26E+25
AXISBPSETF,AXIAAA
TRANSPEK,TRAIN
TTKPRESTIG,TTKPRE
EQUIPPP,GREFIR
BANKPUNJAB,BANPUN
ADANIGREEN,ADAGRE
NAM-INDIA,RELNIP
UCALFUEL,UCAFUE
ELECTROSL,ELESTE
UNICHEMLAB,UNILAB
696TN56,STAND4
UNIFLEX,UNIFLE
MOKSH,MOKORN
ROML,RAJOIL
UNIVCABLES,UNICAB
AXISHCETF,AXIHEA
UNIWESTBNK,UNIWES
UPERGANGES,UPPGAN
USHAINDIA,USHIND
ICICIPHARM,ICIHEA
USHAISPAT,USHISP
JUBLPHARMA,JUBLIF
VANADYCHEM,VANDYE
VARDMNPOLY,VARPO
SOLARA,SOLACT
VESUVIUS,VESIND
BASF,BASF
VINDHYATEL,VINTEL
GAYAHWS,GAYHIG
VIPIND,VIPIND
BATAINDIA,BATIND
VLSFINANCE,VLSFIN
VOLTAS,VOLTAS
TATACOMM,TATCOM
VSTIND,VSTIND
ANMOL,ANMIND
TALWGYM,TALLIF
INGVYSYABK,VYSBAN
WALCHANNAG,WALIND
WARRENTEA,WARTEA
BAUSCHLOMB,BAULOM
SGBMAY29I,SGBT50
SGBJUN29II,SGBT51
FINEORG,FINORG
WATERBASE,WATERB
RELIANCEP1,RELPP1
WEIZMANIND,WEIZMA
VENKEYS,VENIND
RITES,RITLIM
WHEELS,WHEIND
WILLAMAGOR,WILMAG
IWEL,INOWI
WIMPLAST,WIMPLA
WIPRO,WIPRO
WSTCSTPAPR,WESCOA
BBTC,BOMBUR
SGBJU29III,SGBT52
VINEETLAB,VINLAB
SINTERCOM,SINI
ZEEL,ZEEENT
ARIHANTCAP,ARICAP
ZODIACLOTH,ZODCLO
ZODJRDMKJ,ZODJRD
ZUARIIND,ZUAIND
BEL,BHAELE
RUPANGIMPX,RUPIMP
BHARATRAS,BHARAS
TOKYOPLAST,TOKPLA
EUROSOFTAL,EURSOF
MAHLOG,MAHLO
VARROC,VARENG
CAUVERSOFT,CAUSOF
SOMANYCERA,SOMCER
BELCONTROL,BELCON
HATSUN,HATAGR
BRIGHT,BRISOL
STEELTUBES,STETUB
CAPLIPOINT,CAPPOI
PREMIERPOL,PREPOL
KHAITANLTD,KHAFAN
PETRONENGG,PETENG
NATCOPHARM,NATPHA
SAITELE,SAITEL
GLOBE,GLOTEX
GITANJALI,GITGEM
RAMSARUP,RAMIN
JAKHARIA,JAKFAB
BEML,BEML
GOCLCORP,GOCCOR
REMSONSIND,REMIND
TNPL,TAMNEW
MAKE,MARKAY
GREENPLY,GREIN
NIACL,NEWIN
21STCENMGM,TWECM
AEGISCHEM,AEGLOG
CORALFINAC,CORIND
PVP,PVPVEN
NAVA,NAVBHA
AUSOMENT,AUSENT
BERGEPAINT,BERPAI
JAYAGROGN,JAYAGR
PANACEABIO,PANBIO
MARICO,MARLIM
SQUAREDBIO,DSQBIO
AMBANIORG,AMBORG
ADITYAINTL,ADIINT
SILINV,SILINV
HBSL,HBSTOC
SECURCRED,SECCRE
SAMBHAAV,SAMMED
SEARCHEMIN,SEACH
PARAL,PARALU
TULIP,TULITS
BIOFILCHEM,BIOCHE
182D100823,THH23B
KEYFINSERV,KEYCOR
BGFL,BIRGLO
NORBTEAEXP,NORTEA
TCNSBRANDS,TCNCLO
SUBCAPCITY,INTC
ZENITHEXPO,ZENEXP
SUNDRMBRAK,SUNBRA
SANGAMIND,SANIND
BEPL,BHAENG
SOMATEX,SOMTEX
MOTHERSON,MOTSUM
WELENTRP,WELENT
UCL,USHCOL
BHARATFORG,BHAFOR
VISAKAIND,VISIND
WENDT,WENDT
WESTERNBIO,WESBIO
YOKOGAWA,YOKBLU
HDFCAMC,HDFAMC
KHADIM,KHAIND
TRANSCHEM,TRANSC
BHARATGEAR,BHAGEA
ULTRMARINE,ULTPIG
DENORA,DENOR
SUMANMOTEL,SUMMOT
BHARATHOT,BHAHOT
STERTOOLS,STETOO
SHRIRAMFIN,SHRTRA
SNOWCEMIND,SNOIND
SHAMKNFAB,SHAMUL
SHAWGELTIN,NARGEL
SSLFINANCE,ARCSO
PUNJABCHEM,PUNCHE
IFGLEXPOR,IFGREF
PITTIEFIN,PITFIN
NEDUNGBANK,NEDBAN
MYSORPETRO,MYSPET
ICICISENSX,ICISEN
BHEL,BHEL
KITPLYIND,KITIND
ASIANELEC,ASIELE
FIRSTLEASE,FIRLEA
NAMTECHELE,NAMELE
KOPDRUGS,KOPDRU
BIRLAPOWER,BIRYAM
GULFOILLUB,GULLUB
BHORIND,BHOIND
JAGSNPHARM,JAGPHA
KIRLOSINV,KIRIN
LAKSHAUTO,LAKAUT
CREDITACC,CREGRA
INDIANCARD,INDCAR
JMCPROJECT,JMCPRO
HITECHGEAR,HITGEA
HAWKINCOOK,HAWCOO
GESTETNER,GESIND
5PAISA,5PACAP
GUJNRECOKE,GUJNRE
ELECTHERM,ELEIN
ELPROINTL,ELPINT
AARTIDRUGS,AARDRU
PHARMACIA,ABBLAB
ALKYLAMINE,ALKAMI
JCHAC,HITHOM
MPHASIS,MPHLIM
SIGIND,SIGIND
DYNAMATECH,DYNTEC
ICICINXT50,ICINEX
VATSMUSC,VATMUS
LOTTEINDIA,PARCON
SOUNDCRAFT,SOUIND
VIDEOIND,VIDIN
RAMCOIND,RAMIND
CLARIANT,CLARIA
KOTHARIPET,KOTPET
HERITGFOOD,HERFOO
ESCMFGROW,ESCMF
AILIMITED,ABHINT
CABOTINDIA,CABIND
DENABANK,DENBAN
ELGIRUBBER,ELGTYR
SBCL,SHIBIM
BANKBARODA,BANBAR
HDFCLIFE,HDFSTA
JSWISPL,MONISP
EIDERTELE,EIDTEL
SONACOMS,SONBLW
RELCAPITAL,RELCAP
SHYAMMETL,SHYMET
UNIPLY,UNIPLY
OSWALGREEN,OSWGRE
GAIL,GAIL
SKMEGGPROD,SKMEGG
3MINDIA,3MIND
BANKINDIA,BANIND
INDNIPPON,INDNIP
CONCOR,CONCOR
BIRLACABLE,BIRERI
ATLASCYCLE,ATLCYC
DIAPOWER,DIAPOW
FEDDERELEC,FEDLLO
LAKPRE,LAKPRE
DCMFINSERV,DCMFIN
LAKSHMIEFL,LAKOVE
PRATIBHA,PIL
UNITY,UNIINF
PAVCI,MATTEL
HAPPSTMNDS,HAPMIN
BIRLACORPN,BIRCOR
KCPSUGIND,KCPSUG
STINDIA,STI
AISL,ANIINT
DODLA,DODDAI
ICICILIQ,ICILIQ
KSERASERA,KSSLIM
SNOWMAN,SNOLOG
KIMS,KRIINS
INDSWFTLAB,INDLAB
ICEMAKE,ICEMAK
SAREGAMA,SAREIN
FDC,FDC
TORRENTAEC,AHMELE
NRC,NRC
TIMEXWATCH,TIMGRO
ENGINERSIN,ENGIND
MADRASFERT,MADFER
HINDCON,HINCHE
ISIBARS,INDIST
KRISNAFILA,MAVIND
IPL,INDPES
BLUEDART,BLUDAR
ADROITINFO,SPHGLO
GANGAFORGE,GANFO
ICICIBANK,ICIBAN
PHARMABEES,NIPPHA
IRCON,IRCINT
SHARDACROP,SHACRO
APPLEIND,APPFIN
UBENGG,UBENG
VARUN,VARIN
SURYAPHARM,SURPHA
610GS2031,610G31
WALPAR,WALNUT
SVPGLOB,SHRDHA
CLEAN,CLESCI
GRINFRA,GRINFR
SPECTRUM,SPEELE
BRITANNIA,BRIND2
SHEMAROO,SHEENT
MEGA-RE,MEGRE1
PULZ,PULELE
MAZDOCK,MAZDOC
ZOMATO,ZOMLIM
RELIABLE,RELDAT
KPIGREEN,KPIGLO
SGBJUL29IV,SGBT53
SGIL,SYNGRE
PCHFL,PIRND1
PCHFL,PIRND5
PCHFL,PIRND6
PCHFL,PIRND7
BOMDYEING,BOMDYE
PCHFL,PIRND8
PCHFL,PIRND9
CIGNITITEC,CHAINF
JAICORPLTD,JAICOR
PCHFL,PIRN10
PCHFL,PIRN11
BPLENGG,BPLENG
CORPBANK,CORBAN
PCHFL,PIRND4
PCHFL,PIRND3
TATVA,TATCHI
SBIETFCON,SBICON
BONGAIREFN,BONREF
STYLAMIND,STYIND
KOVAI,KOVMED
ANTGRAPHIC,ANTART
GRAUWEIL,GRAWEI
GMDCLTD,GUJMI
ANDREWYU,ANDYUL
IIHFL,IIFND1
IIHFL,IIFND2
IIHFL,IIFND3
ICICIB22,BHA22
MAFSETF,MIRFIN
MAHAPEXLTD,MAHAPE
AAREYDRUGS,AARDR
INDUSINDBK,INDBA
BPCL,BHAPET
PDSL,PDSMUL
GLS,GLELIF
UTIAMC,UTIAMC
ROLEXRINGS,ROLRIN
SBBJ,STABIK
PRITIKAUTO,SHIMAC
NPST,NETPEO
BPL,BPL
ICICIFMCG,ICIFMC
REXPIPES,REXPIP
UGROCAP,CHOSEC
SBT,STABTR
LLOYDFIN,LLOFIN
EXXARO,EXXTIL
KRSNAA,KRSDIA
WINDLAS,WINBIO
DEVYANI,DEVIN
ASAHIINDIA,ASAIND
MFL,MEGF
AAVAS,AAVFIN
MOL,MEGORG
NGIL,NAKGRO
CARTRADE,CARTEC
BPLSANTECH,BPLSAN
GLOBLTRUST,GLOTRU
NUVOCO,NUVVIS
TRIGYN,TRITE
APTUS,APTVAL
BPLSANUTIL,BPLSU
CHEMPLASTS,CHESAN
SGBAUG29V,SGBT54
DUGLOBAL,DUDIGI
PARIN,PARFUR
BRITANNIA,BRIIND
GRSE,GARREA
JYOTISTRUC,JYOSTR
AIMCOPEST,AIMPES
YUKEN,YUKIND
SERVOTECH,SERPOW
PENTSFWARE,PENGRA
JAIPURKURT,NANCRE
KOTHARIPRO,KOTPRO
RELINFRA,RELINF
PSIDATASYS,PSIDAT
ABMINTLLTD,ABMINT
AAATECH,AAATEC
WYETH,WYELED
SGBSEP29VI,SGBT55
667GS2035,667I35
AMIORG,AMIORG
VIJAYA,VIJDIA
BSL,BSL
SHREEKRPOL,KLIIND
SHREEKRPET,ESKNIT
INTLCONV,INTCON
WOOLWORTH,UNILIM
ASTRAZEN,ASTPHA
GANESHBE,GANBEN
IPRINGS,IPRING
ITDCEM,ITDCEM
PAR,PARDR
J&KBANK,JAMKAS
VINNY,VINOVE
SHANTI,SHAOVE
BEWLTD,BEWENG
BURRWELCOM,BURWEL
BBTCL,BBTRIP
ARCHIES,ARCLIM
CUB,CITUNI
BASML-RE,BANRE1
PRAXIS-RE,PRARE1
SHREMINVIT,SHREIN
CMC,CMC
ASIAN-RE1,ASIRE1
FELIX,FELIND
AXISCETF,AXICON
CADBURY,CADIND
CYIENT,CYILIM
SANSERA,SANEN
LIKHITHA,LIKINF
MASPTOP50,MIRS50
KIL-RE,KESRE1
RPP-RE,RPPRE1
IBULHSGFIN,INHND1
IBULHSGFIN,INHND2
IBULHSGFIN,INHND3
IBULHSGFIN,INHND4
IBULHSGFIN,INHND5
IBULHSGFIN,INHND6
IBULHSGFIN,INHND7
IBULHSGFIN,INHND8
CANFINHOME,CANHOM
IBULHSGFIN,INHND9
IBULHSGFIN,INHN10
IBULHSGFIN,INHN11
IBULHSGFIN,INHN12
KOTAKBKETF,KOTBAN
IBULHSGFIN,INHN13
IBULHSGFIN,INHN14
IBULHSGFIN,INHN15
IBULHSGFIN,INHN16
IBULHSGFIN,INHN17
LAGNAM,LAGSPI
QUADPRO,QUAITE
CAPRIHANS,CAPIND
SQRDSFWARE,DSQSOF
AGREVOIND,AGREVO
CIBASPEC,HINCIB
AXISBANK,AXIBAN
PARAS,PARDEF
GRAPHITE,CAREVE
INTELLECT,INTDES
MONTECARLO,MONCAR
UWCSL,ULTWIR
SOUTHBANK,SOUBAN
CARBORUNIV,CARUNI
AIRTEL-RE,BHARE1
BHARATIDIL,BHADEF
BSLSENETFG,BIRSEN
VARUNSHIP,VARSHI
CARRIERAIR,CARAIR
TATAVASHIS,VASDET
COASTCORP,COATRA
JAINAM,JAIFER
ABSLAMC,ADIAMC
CCI,CABCOR
EIFFL,EUROIN
PASUPTAC,PASACR
CYBERTECH,CYBTEC
BMETRICS,BOMMET
BESTCROMP,BESCRO
LICNETFGSC,LICGSC
ATGL,ADAGAS
AIROLAM,AIRLAM
DYNAMIC,DYNSER
DESTINY,DESLOG
GOODLUCK,GOOLUC
364D131022,TYJ22B
PANSARI,PANDEV
ARTNIRMAN,ARTNIR
CENTAKCHEM,CENCHE
BHAGCHEM,BHAC
IIFL,IIFL26
IIFL,IIFL27
IIFL,IIFL28
CENTENKA,CENENK
IIFL,IIFL29
IIFL,IIFL30
FCL,FINCHE
IIFL,IIFL31
IIFL,IIFL32
CAMLINFINE,CAMFIN
364D201022,TYJ22C
SIKKO,SIKIND
DTIL,DHUTE
MILTONPLAS,MILPLA
3IINFOLTD,3IINFO
PREMIER,PREAU
DKEGL,DKENTE
CENTURYTEX,CENTEX
ESCORTSFIN,ESCFIN
NAHARINTL,NAHINT
SELMC,SELMAN
MEDICAMEQ,MEDBIO
CESC,CESC
GULPOLY,GULPOL
KILPP,KESPP1
HEALTHY,ADIHEA
APOLSINHOT,APOSI
MAARSOFTW,MAASOF
IDBIBANK,IDBBAN
IGARASHI,IGAMOT
MAN50ETF,MIRETF
SRGINFOTEC,PANCOR
NATIONALUM,NATALU
364D271022,TYJ22D
SICAL,SICAL
CHAMBLFERT,CHAFER
SUULD,SUULIF
THIRUSUGAR,THIARO
CCHHL,COUCLU
TUTICORALK,TUTALK
LAMBODHARA,LAMTEX
DNAMEDIA,DILMED
KRITI,KRIIND
MANORG,MANORG
AIRTELPP,BHAPP1
KOTYARK,KOTIN
TECHNOE,TECEEC
ICICICONSU,ICICON
SHUBHLAXMI,SHUJEW
TECH,ADINIT
TULSI,TULEXT
364D021122,TYK22A
IRIS,IRIBUS
ORIENTINFO,ORIINF
PATINT-RE1,PATRE1
SGBNV29VII,SGBT56
CHAMPDANY,CHAIN
VLIFE-RE1,VIKRE1
NHIT,NATHIG
PHILCORP,KORFOD
GRPLTD,GRPLTD
NYKAA,FSNECO
LAXMICOT,LAXCOT
PAEL,PREAUT
364D101122,TYK22B
FINOPB,FINPA
NIDAN,NIDLAB
SONATSOFTW,SONSOF
GENUSPAPER,GENPAP
DSPNEWETF,DSPEQU
SIGMA,SIGSOL
NXTDIG-RE,NXTRE1
SJS,SJSENT
VXLINSTR,VXLINS
POLICYBZR,PBFINT
INNOVANA,INNTHI
SIGACHI,SIGIN
MIRZAINT,MIRINT
CHESLINTEX,CHETEX
INFARINDIA,INFAR
FOODSIN,FOOINN
PENTACOMMU,PENCOM
DRSDILIP,DRSDIL
RAMAPETRO,RAMPET
SUNEARTH,SUNEC
574GS2026,574K26
UGROCAP,UGRND2
PAYTM,ONE97
IVC,ILFVEN
MOLDTKPAC,MOLPAC
SAPPHIRE,SAPFOO
JINDALSTEL,JINSP
364D171122,TYK22C
MARSHALL,MARMAC
EXIDEIND,EXIIND
BRABOURNE,SEARLE
RUSHILPP,RUSPP1
NIPPOBATRY,INDNAT
BGEAR-RE,BHGRE1
SBC,SBCEXP
CRESTANI,CRECOM
STEELCAS,STECAS
LATENTVIEW,LATVIE
IHCL-RE,INHRE1
795GS2032,795H32
FOCUS,FOCLIG
ATCOM,ATCIND
SMLT,SARME
GREENLAM,GREEIN
CHOLAFIN,CHOINV
DHRUV,DHRCON
BAJAJHCARE,BAJHEA
74GS2035,740I35
824GS2027,824B27
VISHNU,VISCHE
RPPL,RAJP
TITAGRSTEL,TITIN
MODIRUBBER,MODRUB
364D241122,TYK22D
CIPLA,CIPLA
TARSONS,TARPR
GANECOS,GANECO
LINC,LINPEN
MENONBE,MENBEA
456GS2023,456K23
GOCOLORS,GOFASH
NETVISTAIT,NETINF
E-SERVEINT,CITSEC
BSOFT,KPITEC
AARTIIND,AARIND
364D011222,TYL22A
VECO-RE1,VIERE1
POLARIS,POLCON
HEMIPROP,HEMPRO
SHIVALIK,SHIRAS
DICIND,DICIND
ASIANENE,ASIOIL
HESTERBIO,HESPHA
ACCELYA,ACCKAL
MADURACOAT,MADCOA
364D081222,TYL22B
MAHKTECH,MIRTEC
SHRADHA,SHRAIN
STARHEALTH,STAHEA
COCHINREFN,COCREF
SEJALLTD,SEZGLA
SGBD29VIII,SGBT57
VLIFEPP,VIKPP1
TEGA,TEGIND
824GS2033,824K33
JMA,JULMOT
817GS2044,817L44
ZODIAC,ZODENE
772GS2055,772J55
759GS2026,759A26
SHALBY,SHALIM
ANANDRATHI,ANARAT
HEUBACHIND,CLACHE
AFTEK,AFTINF
GLODYNE,GLOTEC
INDUSFILA,INDFIL
VXL,VXLIN
684GS2022,684L22
364D151222,TYL22C
MICEL,MICELE
SPMLINFRA,SPMINF
RATEGAIN,RATTRA
SYNDIBANK,SYNBN
NUCHEM,NUCHEM
BBETF0432,BHABO5
SHRIRAMPPS,SHRPRO
SREINFRA,SREINF
717GS2028,717A28
JETFREIGHT,JETFRE
737GS2023,737D23
SBIETFQLTY,SBIQUA
SBIETFPB,SBIEPB
MAPMYINDIA,CEINFO
HCLTECH,HCLTEC
TATACOFFEE,TATCO
JCT,JCTIND
METROBRAND,METBRA
EUPHARMLAB,EUPLAB
MEDPLUS,MEDHEA
CONTNLCONS,CONCON
UDAICEMENT,UDACEM
JTLIND,JTLINF
INDIANORG,INDORG
VISESHINFO,VISINF
ASSAMCO,ASSCOM
DCMSRIND,DCMSI
EUROBOND,EURPAN
ABSLNN50ET,BIRNEX
RAJRAYON,RAJRAY
SETFNN50,SBIN50
WELLWININD,WELIN
DATAPATTNS,DATPAT
COREPARENT,CORHEA
SETFNIFBK,SBIBAN
STAR,STRSHA
HPAL,HPADHE
FOCE,FOCIN
COROMANDEL,CORINT
SUPRIYA,SUPLIF
SBIETFIT,SBIEIT
RAJESHEXPO,RAJEXP
GLENMARK,GLEPHA
NILASPACES,NILSPA
KOTAKALPHA,KOTN50
MANAKCOAT,MANCOA
COSMOFIRST,COSFIL
MANAKALUCO,MANAL
MONQ50,MOTQ50
HECPROJECT,HECINF
ZENITHINFO,ZENINF
DSPN50ETF,DSPN50
DSPQ50ETF,DSP150
MANAKSTEEL,MANSTE
WOCKPHARMA,WOCKHA
ZENTEC,ZENTEC
TREJHARA,TRESOL
LCCINFOTEC,LCCINF
NRBBEARING,NRBBEA
GONTERPEIP,GONPEI
UNITEDPOLY,UNIPOL
IVRCLINFRA,IVRINF
CRISIL,CRISIL
BEARD-RE,BEARE1
MELSTAR,MELINF
SHIVAM-RE,SHIRE1
CGPOWER,CROGRE
CMSINFO,CMSIN
VIVO,VIVCOL
KRISHNAENG,KRIENG
SKUMARSYNF,SKUMAR
VALUEIND,VIDAPP
WINSOMEDJ,WINDIA
ALPSINDUS,ALPLAB
SHREERAMA,SHRR
IIHFL,IIFND4
IIHFL,IIFND5
ATVPETRO,SVCSUP
IIHFL,IIFND6
GEOMETRIC,GEOLIM
IIHFL,IIFND7
IIHFL,IIFND8
IIHFL,IIFND9
IIHFL,IIFN10
IMAGICAA,ADLENT
IIHFL,IIFN11
KOHINOOR,KOHFOO
MONARCH,NETSTO
DABUR,DABIND
CEATFIN,CEAFIN
ABCOTS,ABCOT
UNIINFO,UNITEL
TIMESCAN,TIMLOG
DALMIASUG,DALSUG
WEL,WONFIB
NETF,TATNIF
AUTORIDFIN,AUTFIN
654GS2032,654A32
ICICIAUTO,ICIAUT
BIL,BHAINT
RAMCOSYS,RAMSYS
INOXWIND,INOWIN
GEPIL,ALSIND
SGBJAN30IX,SGBT58
AUTOBEES,NIPAUT
MHLXMIRU,MAHRUB
KALYANISHP,SHARP
ALEMBICLTD,ALECHE
LFIC,THELAK
EIMCOELECO,EIMELE
BYKE,THEBYK
AGSTRA,AGSTRA
ZYDUSLIFE,CADHEA
AVANTIFEED,AVAFEE
MOLDTEK-RE,MOLRE1
ICICISILVE,ICIPSE
PRECISION,PREME
MALLCOM,MALIND
MAMFGETF,MIRMAN
GRWRHITECH,GARPOL
DAURALAORG,DAUORG
SILVER,ADISIL
DHANILOANS,ICFN27
CINEVISTA,CINEVI
726GS2029,726A29
DHANILOANS,ICFN28
SHIVATEX,SHITEX
DHANILOANS,ICFN29
DCM,DCM
MAHLIFE,MAHLIF
ZENITHCOMP,ZENCOM
KTKBANK,KARBAN
DHANILOANS,ICFN30
DHANILOANS,ICFN31
DHANILOANS,ICFN32
DHANILOANS,ICFN33
DALBHARAT,ODICEM
KOTAKMID50,KOTMID
DCMDAEWOO,DAEMOT
SILVERBEES,NIPSIL
CROWN,CROLIF
BETA,BETDRU
DCMSHRIRAM,DCMSHR
AWL,ADAWIL
RPSGVENT,CESVEN
BSHSL,BOMSUP
AJANTPHARM,AJAPHA
CURATECH,CURTEC
BLBLIMITED,BLBLTD
DEVIT,DEVINF
MEGASTAR,MEGFOO
FIBERWEB,PVDPLA
SPENCERS,SPERET
MANYAVAR,VEDFAS
DCW,DCW
SAGARDEEP,SAGALL
MOMOMENTUM,MOTM30
RICHA,RICINF
INCRED,INCND1
BANKA,BANBIO
INCRED,INCND2
INCRED,INCND3
MADHAVBAUG,VAISAN
SOFTTECH,SOFENG
IGS,MASSYS
DEEPAKFERT,DEEFER
732GS2024,732A24
JAINSTUDIO,JAISTU
PRITI,PRIINT
CHOWGULSTM,CHOSTE
BLUESTARCO,BLUSTA
SGBOC28VII,SGBT44
ICICI5GSEC,ICIGSE
MUKANDENGG,MUKENG
UTTAMSTL,UTTSTE
PHOENXINTL,PHOINT
SB&TINTL,SBTINT
KINETICENG,KINENG
SHIGAN,SHIQUA
CALSOFT,CALSOF
SGBMAR30X,SGBT59
WOCKH-RE,WOCRE1
MAM150ETF,MIR150
HAVISHA,SHRSH
DHFL,DEWHOU
RUCHINFRA,RUCINF
VIPULLTD,VIPLTD
RSSOFTWARE,RSSOFT
MITCON,MITCON
SMVD,SMVPLO
XELPMOC,XELDES
TVSMOTOR,TVSMOT
MID150BEES,REL150
GATEWAY,GATDIS
SURANI,SURSTE
SPRL,SPREF
GMRP&UI,GMRPOW
SBIHOMEFIN,SBIHOM
CHALET,CHAHOT
BLUECOAST,BLUCOA
COOLCAPS,COOCAP
DHAMPURSUG,DHASUG
MARDIACHEM,MARCHE
NLCINDIA,NEYLIG
AKSHOPTFBR,AKSOPT
MSUMI,MOTSU
DMCC,DHAMOR
KNAGRI,KNAGR
SWARAJ,SWASUI
INDOBORAX,INDBOR
KOTAKLOVOL,KOTLVO
BLUECHIP,BLUC
VETO,VETSWI
MOLOWVOL,MOTLOV
JENSONICOL,JENNIC
DIL,DEBSAL
TATASTLBSL,BHUST
KRISHIVAL,EMPCAS
NATNLSTEEL,NATSTE
MUKTAARTS,MUKART
DIGITALEQP,DIGEQU
VRLLOG,VRLLOG
CITURGIBIO,CITBIO
TORRENGUJ,TORGUJ
AMBUJARAJN,DLFCEM
TCIFINANCE,TCIFIN
SHAILY,SHAILY
SREERAYALK,SRERAY
S&SPOWER,SSPOWE
PROPEQUITY,PEANA
PNBGILTS,PNBGIL
ASTRON,ASTPAP
DRBECK,ELABEC
ANSALAPI,ANSPRO
BLUESTINFO,BLUIN
MEP,MEPINF
DSKULKARNI,DSKULK
EASTSUGIND,EASSUG
DRIND,DRIND
KRISHNADEF,KRIDEF
MAFATLAFIN,MAFFI
OBCL,ORIBEN
ALPICFIN,ALPFIN
SONAMCLOCK,SONCL
DRREDDY,DRREDD
PRIVISCL,ADIFIN
GAEL,GUJAE
BCG,LYCINT
USHAMART,USHMA
GOVINRUBER,GOVRUB
INDRAMEDCO,INDMED
IVP,IVP
CHOICEIN,CHOINT
PENNARALUM,PENALU
KEEPLEARN,DSJCOM
TNIDETF,TATNID
OISL,OCLIRO
VERANDA,VERLEA
SATHAISPAT,SATISP
MINDPOOL,MINTEC
ALBRMORARJ,ALBWIL
E2E,E2ENET
RITCO,RITLOG
ELDEHSG,ELDHOU
TTML,TATTE
KHAICHEM,KHAFER
HARDWYN,GARIND
HARIOMPIPE,HARPIP
PARASPETRO,PARPET
NGIL-RE,NAKRE1
MRO-TEK,MROTEK
BCIL-RE,BHCRE1
NOVARTIND,NOVART
NOVOPANIND,NOVIND
ANUP,THEANU
GALPOWTEL,GALPOW
JSLL,JEESIK
UFO,UFOMOV
AGROPHOS,AGRPHO
710GS2029,710D29
ROTO,ROTPUM
REGENCERAM,REGCER
NIFTYEES,EDENIF
AURUM-RE,MAJRE1
PIXTRANS,PIXTRA
EICHERMOT,EICMOT
ARVINDFASN,ARVFAS
INDOAMIN,INDAMI
TIPSINDLTD,TIPIND
IBULHSGFIN,IBHN32
EQUITASBNK,EQUSMA
IBULHSGFIN,IBHN33
IBULHSGFIN,IBHN34
BALAJITELE,BALTEL
EIDPARRY,EIDPAR
IBULHSGFIN,IBHN35
VISIONLTD,VISORG
UTISXN50,UTINEX
IBULHSGFIN,IBHN36
EIHOTEL,EIHLIM
IBULHSGFIN,IBHN37
IBULHSGFIN,IBHN38
IBULHSGFIN,IBHN39
IBULHSGFIN,IBHN40
IBULHSGFIN,IBHN41
TPLPLASTEH,TPLPLA
IBULHSGFIN,IBHN42
NILAINFRA,NILINF
IBULHSGFIN,IBHN43
ARROWGREEN,ARRGRE
IBULHSGFIN,IBHN44
AZTECSOFT,AZTEC
IBULHSGFIN,IBHN45
IBULHSGFIN,IBHN46
ELECTCAST,ELECAS
KRITIKA,KRIWIR
SINTEX,SININD
STARTECK,NIVMER
STLTECH,STETEC
RAVALSUGAR,RAVSUG
POLARIND,POLIND
PNC,PRINAN
UGROCAP,UGRND3
IOB,INDOVE
ORCHPHARMA,ORCPHA
UGROCAP,UGRND5
TAJGVK,TAJGVK
MSTCLTD,MSTLIM
DPABHUSHAN,DPABH
UGROCAP,UGRND6
CAMPUS,CAMACT
ELGIEQUIP,ELGEQU
LEMERITE,LEMER
QUINTEGRA,QUISOL
TRU,DHAF
EMBASSY,EMBOFF
CREATIVEYE,CREEYE
PNCINFRA,PNCINF
LANCER,LANCON
ABGHEAVY,STAENT
PGHL,MERLIM
RAINBOW,RAICHI
NUTEK,NUTIND
SILVERTUC,SILTOU
SKIPPER,SKILTD
AXISCADES,AXIIT
NOVAIRNSTL,NOVIRO
SONUINFRA,SONINF
ESSEN-RE,INTRE1
RELMEDIA,ADLFIL
448GS2023,448K23
BTML-RE,BODRE1
LICI,LIC
DHANILOANS,ICFN34
DHANILOANS,ICFN35
DHANILOANS,ICFN36
DHANILOANS,ICFN37
DHANILOANS,ICFN38
DHANILOANS,ICFN39
DHANILOANS,ICFN40
727GS2026,727D26
762GS2039,762I39
SAKAR,SAKHEA
CKFSL,CNKFIN
ESABINDIA,ESAIND
RVNL,RAIVIK
PRUDENT,PRUCOP
AKSHAR,AKSSPI
667GS2050,667K50
KHFM,KHFHOS
MAHESHWARI,MAHLOG
ESCORTS,ESCORT
METROPOLIS,METHEA
754GS2036,7.54E+38
POLYCAB,POLI
VENUSPIPES,VENPIP
DELHIVERY,DELLIM
CLUTCHAUTO,CLUAUT
772GS2049,772F49
ICDSLTD,ICDS
SPLPETRO,SUPPET
DYNPRO-RE,DYNRE1
KHANDSE,KHASEC
BSELINFRA,BSEINF
RELCHEMQ,RELCHE
MEDICO,MEDREM
HIKAL,HIKCHE
SUBEXLTD,SUBSYS
SOUTHWEST,SOUWES
KPITTECH,KPITE
TRIDENT,TRILTD
ESSAROIL,ESSOIL
PARADEEP,PARPHO
ETHOSLTD,ETHLIM
EMUDHRA,EMULIM
GSTL,GLOT
EASTSILK,EASSIL
FORTISFIN,DIOGLO
KAMATHOTEL,KAMHOT
TATAYODOGA,TOYROL
EPL,ESSPRO
AETHER,AETIND
SHIRPUR-G,SHIGOL
COMPUDYNE,COMWI
HARYANSHET,HARSHE
HAVELLS,HAVIND
NAVIFIN,NAVND3
NAVIFIN,NAVND4
NV20BEES,RENV20
NAVIFIN,NAVND5
NAVIFIN,NAVND6
RILINFRA,RACINF
FIDEL,FIDSOF
WEWIN,SURBPO
NEXTMEDIA,NEXMED
794TN32,STAND3
GOLDTECH,GOLTEC
CHEVIOT,CHECOM
CUBEXTUB,CUBTUB
TNTELE,TAMTEL
769GS2043,769F43
SMARTLINK,SMANET
AIRAN,AIRLTD
AXITA,AXICOT
763GS2059,763F59
738GS2027,738F27
NEOGEN,NEOCHE
ALANKIT,ALALIM
EVERESTIND,ETEEVE
VIKASLIFE,VIKMUL
IBMFNIFTY,INDNIF
ONEPOINT,ONEPOI
669GS2024,669F24
EUROTEXIND,EURIND
CGIOFS,CGIOFS
CNX 100,CNX100
CNX DEFTY,DEFTY
CNX Nifty Junior,CNXNIF
COAOFS,COAOFS
DJIA,DJIA
DREOFS,DREOFS
ENGOFS,ENGOFS
FTSE,FTSE
INDVIX,INDVIX
IOCOFS,IOCOFS
JKUOFS,JKUOFS
CHETTINAD,CHECEM
FLOATGLASS,FLOIND
PASUPATI,PASFAB
FAME,SHRCIN
TECHNOELEC,TECELE
NIFTY 50,NIFTY
NIFTY BANK,CNXBAN
NIFTY FINANCIAL,NIFFIN
NIFTY INFRA,CNXINF
NIFTY IT,CNXIT
NIFTY MIDCAP,NIFSEL
NIFTY MIDCAP 50,NIFMID
NIFTY PSE,CNXPSE
NTPOFS,NTPOFS
Nifty CPSE,NIFCPS
POWOFS,POWOFS
RUROFS,RUROFS
MINIFTY,MINIFT
S&P500,SNP500
SAYOFS,SAYOFS
SGBNOV258,SGBT15
